date,store_id,satisfaction_score
2024-01-01,1,3.8
2024-01-01,2,4.1
2024-01-01,3,4.9
2024-01-01,4,4.0
2024-01-01,5,3.6
2024-01-01,6,3.7
2024-01-01,7,4.5
2024-01-01,8,4.3
2024-01-01,9,3.3
2024-01-01,10,3.7
2024-01-01,11,4.0
2024-01-01,12,4.3
2024-01-01,13,4.9
2024-01-01,14,4.0
2024-01-01,15,3.8
2024-01-02,1,4.3
2024-01-02,2,4.0
2024-01-02,3,4.1
2024-01-02,4,4.3
2024-01-02,5,4.2
2024-01-02,6,3.7
2024-01-02,7,4.3
2024-01-02,8,3.4
2024-01-02,9,4.3
2024-01-02,10,4.1
2024-01-02,11,3.3
2024-01-02,12,4.4
2024-01-02,13,3.7
2024-01-02,14,4.7
2024-01-02,15,4.1
2024-01-03,1,3.7
2024-01-03,2,3.9
2024-01-03,3,3.8
2024-01-03,4,3.6
2024-01-03,5,4.2
2024-01-03,6,3.4
2024-01-03,7,3.8
2024-01-03,8,4.2
2024-01-03,9,4.1
2024-01-03,10,4.0
2024-01-03,11,3.3
2024-01-03,12,4.3
2024-01-03,13,3.3
2024-01-03,14,4.6
2024-01-03,15,5.0
2024-01-04,1,4.7
2024-01-04,2,3.8
2024-01-04,3,3.4
2024-01-04,4,4.5
2024-01-04,5,4.1
2024-01-04,6,4.3
2024-01-04,7,4.5
2024-01-04,8,3.6
2024-01-04,9,4.3
2024-01-04,10,3.4
2024-01-04,11,3.3
2024-01-04,12,5.0
2024-01-04,13,3.5
2024-01-04,14,3.5
2024-01-04,15,2.8
2024-01-05,1,4.6
2024-01-05,2,4.2
2024-01-05,3,5.0
2024-01-05,4,3.6
2024-01-05,5,4.0
2024-01-05,6,4.0
2024-01-05,7,4.0
2024-01-05,8,4.3
2024-01-05,9,4.1
2024-01-05,10,4.1
2024-01-05,11,4.1
2024-01-05,12,4.1
2024-01-05,13,3.3
2024-01-05,14,4.2
2024-01-05,15,4.7
2024-01-06,1,4.0
2024-01-06,2,4.1
2024-01-06,3,4.0
2024-01-06,4,4.1
2024-01-06,5,3.9
2024-01-06,6,4.5
2024-01-06,7,3.8
2024-01-06,8,4.6
2024-01-06,9,3.9
2024-01-06,10,4.4
2024-01-06,11,4.1
2024-01-06,12,4.4
2024-01-06,13,4.0
2024-01-06,14,4.1
2024-01-06,15,3.9
2024-01-07,1,3.7
2024-01-07,2,3.6
2024-01-07,3,4.1
2024-01-07,4,3.9
2024-01-07,5,3.3
2024-01-07,6,4.6
2024-01-07,7,3.6
2024-01-07,8,4.4
2024-01-07,9,4.1
2024-01-07,10,3.7
2024-01-07,11,3.7
2024-01-07,12,3.0
2024-01-07,13,3.7
2024-01-07,14,4.0
2024-01-07,15,3.7
2024-01-08,1,4.0
2024-01-08,2,4.3
2024-01-08,3,3.6
2024-01-08,4,4.0
2024-01-08,5,4.2
2024-01-08,6,4.7
2024-01-08,7,3.2
2024-01-08,8,4.0
2024-01-08,9,3.4
2024-01-08,10,4.5
2024-01-08,11,4.7
2024-01-08,12,3.9
2024-01-08,13,4.3
2024-01-08,14,3.9
2024-01-08,15,3.7
2024-01-09,1,4.0
2024-01-09,2,4.0
2024-01-09,3,4.3
2024-01-09,4,4.5
2024-01-09,5,4.6
2024-01-09,6,4.1
2024-01-09,7,4.0
2024-01-09,8,4.5
2024-01-09,9,3.8
2024-01-09,10,4.6
2024-01-09,11,3.9
2024-01-09,12,3.2
2024-01-09,13,3.7
2024-01-09,14,3.3
2024-01-09,15,3.5
2024-01-10,1,4.2
2024-01-10,2,4.3
2024-01-10,3,4.2
2024-01-10,4,4.1
2024-01-10,5,4.0
2024-01-10,6,4.4
2024-01-10,7,4.9
2024-01-10,8,4.4
2024-01-10,9,3.9
2024-01-10,10,4.3
2024-01-10,11,4.4
2024-01-10,12,3.5
2024-01-10,13,3.6
2024-01-10,14,4.0
2024-01-10,15,3.8
2024-01-11,1,4.1
2024-01-11,2,4.2
2024-01-11,3,4.8
2024-01-11,4,4.3
2024-01-11,5,5.0
2024-01-11,6,3.8
2024-01-11,7,3.4
2024-01-11,8,4.1
2024-01-11,9,3.9
2024-01-11,10,4.1
2024-01-11,11,4.3
2024-01-11,12,3.4
2024-01-11,13,4.1
2024-01-11,14,4.6
2024-01-11,15,3.5
2024-01-12,1,3.5
2024-01-12,2,4.1
2024-01-12,3,3.3
2024-01-12,4,4.1
2024-01-12,5,3.9
2024-01-12,6,4.6
2024-01-12,7,4.4
2024-01-12,8,4.2
2024-01-12,9,4.2
2024-01-12,10,3.4
2024-01-12,11,4.1
2024-01-12,12,4.3
2024-01-12,13,3.8
2024-01-12,14,3.3
2024-01-12,15,3.9
2024-01-13,1,4.2
2024-01-13,2,4.1
2024-01-13,3,4.3
2024-01-13,4,4.1
2024-01-13,5,3.7
2024-01-13,6,3.1
2024-01-13,7,4.8
2024-01-13,8,3.6
2024-01-13,9,3.7
2024-01-13,10,4.2
2024-01-13,11,4.3
2024-01-13,12,5.0
2024-01-13,13,4.3
2024-01-13,14,4.4
2024-01-13,15,3.2
2024-01-14,1,4.0
2024-01-14,2,4.4
2024-01-14,3,3.4
2024-01-14,4,3.5
2024-01-14,5,4.0
2024-01-14,6,3.5
2024-01-14,7,4.0
2024-01-14,8,3.8
2024-01-14,9,3.8
2024-01-14,10,4.7
2024-01-14,11,4.1
2024-01-14,12,4.1
2024-01-14,13,4.2
2024-01-14,14,4.4
2024-01-14,15,3.8
2024-01-15,1,3.4
2024-01-15,2,3.1
2024-01-15,3,4.1
2024-01-15,4,4.5
2024-01-15,5,3.4
2024-01-15,6,3.8
2024-01-15,7,4.8
2024-01-15,8,3.8
2024-01-15,9,4.5
2024-01-15,10,4.3
2024-01-15,11,3.6
2024-01-15,12,4.6
2024-01-15,13,3.9
2024-01-15,14,4.5
2024-01-15,15,4.2
2024-01-16,1,4.5
2024-01-16,2,3.9
2024-01-16,3,3.4
2024-01-16,4,3.9
2024-01-16,5,3.8
2024-01-16,6,4.3
2024-01-16,7,3.7
2024-01-16,8,4.0
2024-01-16,9,4.0
2024-01-16,10,4.9
2024-01-16,11,4.1
2024-01-16,12,3.7
2024-01-16,13,4.1
2024-01-16,14,3.8
2024-01-16,15,3.4
2024-01-17,1,3.9
2024-01-17,2,2.8
2024-01-17,3,4.1
2024-01-17,4,3.9
2024-01-17,5,4.3
2024-01-17,6,4.0
2024-01-17,7,3.5
2024-01-17,8,3.6
2024-01-17,9,4.3
2024-01-17,10,3.0
2024-01-17,11,3.5
2024-01-17,12,3.5
2024-01-17,13,4.8
2024-01-17,14,4.0
2024-01-17,15,3.9
2024-01-18,1,3.3
2024-01-18,2,3.1
2024-01-18,3,4.4
2024-01-18,4,3.5
2024-01-18,5,3.7
2024-01-18,6,4.5
2024-01-18,7,3.9
2024-01-18,8,3.8
2024-01-18,9,3.4
2024-01-18,10,4.6
2024-01-18,11,3.2
2024-01-18,12,5.0
2024-01-18,13,3.9
2024-01-18,14,4.3
2024-01-18,15,3.9
2024-01-19,1,5.0
2024-01-19,2,3.5
2024-01-19,3,3.3
2024-01-19,4,3.7
2024-01-19,5,3.9
2024-01-19,6,3.2
2024-01-19,7,4.0
2024-01-19,8,3.8
2024-01-19,9,3.9
2024-01-19,10,4.6
2024-01-19,11,4.2
2024-01-19,12,3.4
2024-01-19,13,3.6
2024-01-19,14,3.6
2024-01-19,15,5.0
2024-01-20,1,4.1
2024-01-20,2,3.2
2024-01-20,3,4.1
2024-01-20,4,4.2
2024-01-20,5,4.2
2024-01-20,6,3.3
2024-01-20,7,4.7
2024-01-20,8,4.6
2024-01-20,9,3.6
2024-01-20,10,4.0
2024-01-20,11,4.3
2024-01-20,12,4.0
2024-01-20,13,3.5
2024-01-20,14,4.5
2024-01-20,15,3.1
2024-01-21,1,4.0
2024-01-21,2,4.5
2024-01-21,3,4.0
2024-01-21,4,4.7
2024-01-21,5,4.0
2024-01-21,6,4.3
2024-01-21,7,3.8
2024-01-21,8,4.9
2024-01-21,9,4.7
2024-01-21,10,3.7
2024-01-21,11,3.6
2024-01-21,12,4.4
2024-01-21,13,4.0
2024-01-21,14,4.0
2024-01-21,15,4.0
2024-01-22,1,4.0
2024-01-22,2,4.4
2024-01-22,3,2.7
2024-01-22,4,4.3
2024-01-22,5,3.9
2024-01-22,6,4.2
2024-01-22,7,4.0
2024-01-22,8,3.7
2024-01-22,9,3.9
2024-01-22,10,4.4
2024-01-22,11,4.2
2024-01-22,12,4.2
2024-01-22,13,3.9
2024-01-22,14,4.1
2024-01-22,15,4.4
2024-01-23,1,4.0
2024-01-23,2,3.5
2024-01-23,3,3.8
2024-01-23,4,3.7
2024-01-23,5,4.0
2024-01-23,6,3.7
2024-01-23,7,4.6
2024-01-23,8,2.8
2024-01-23,9,3.0
2024-01-23,10,5.0
2024-01-23,11,3.9
2024-01-23,12,3.8
2024-01-23,13,3.8
2024-01-23,14,4.2
2024-01-23,15,4.4
2024-01-24,1,4.6
2024-01-24,2,4.4
2024-01-24,3,3.8
2024-01-24,4,3.0
2024-01-24,5,4.3
2024-01-24,6,4.1
2024-01-24,7,3.4
2024-01-24,8,3.2
2024-01-24,9,3.9
2024-01-24,10,4.7
2024-01-24,11,4.5
2024-01-24,12,5.0
2024-01-24,13,4.3
2024-01-24,14,4.2
2024-01-24,15,3.9
2024-01-25,1,4.2
2024-01-25,2,3.9
2024-01-25,3,4.9
2024-01-25,4,3.9
2024-01-25,5,4.5
2024-01-25,6,3.5
2024-01-25,7,4.1
2024-01-25,8,4.5
2024-01-25,9,3.9
2024-01-25,10,4.4
2024-01-25,11,3.3
2024-01-25,12,4.4
2024-01-25,13,3.9
2024-01-25,14,3.9
2024-01-25,15,4.4
2024-01-26,1,4.0
2024-01-26,2,3.7
2024-01-26,3,3.9
2024-01-26,4,3.4
2024-01-26,5,3.9
2024-01-26,6,4.2
2024-01-26,7,5.0
2024-01-26,8,3.9
2024-01-26,9,3.9
2024-01-26,10,4.0
2024-01-26,11,4.3
2024-01-26,12,3.9
2024-01-26,13,3.5
2024-01-26,14,4.8
2024-01-26,15,4.5
2024-01-27,1,4.1
2024-01-27,2,3.7
2024-01-27,3,3.7
2024-01-27,4,4.6
2024-01-27,5,3.7
2024-01-27,6,4.1
2024-01-27,7,4.3
2024-01-27,8,3.6
2024-01-27,9,4.1
2024-01-27,10,5.0
2024-01-27,11,5.0
2024-01-27,12,4.0
2024-01-27,13,4.1
2024-01-27,14,4.6
2024-01-27,15,4.2
2024-01-28,1,4.0
2024-01-28,2,3.4
2024-01-28,3,4.1
2024-01-28,4,4.6
2024-01-28,5,3.8
2024-01-28,6,3.7
2024-01-28,7,4.5
2024-01-28,8,3.6
2024-01-28,9,4.8
2024-01-28,10,4.1
2024-01-28,11,3.1
2024-01-28,12,4.7
2024-01-28,13,4.0
2024-01-28,14,3.5
2024-01-28,15,4.6
2024-01-29,1,4.2
2024-01-29,2,4.6
2024-01-29,3,4.5
2024-01-29,4,3.7
2024-01-29,5,3.7
2024-01-29,6,3.9
2024-01-29,7,3.9
2024-01-29,8,4.5
2024-01-29,9,4.3
2024-01-29,10,3.9
2024-01-29,11,4.2
2024-01-29,12,4.4
2024-01-29,13,5.0
2024-01-29,14,3.8
2024-01-29,15,4.6
2024-01-30,1,4.1
2024-01-30,2,4.4
2024-01-30,3,4.6
2024-01-30,4,4.3
2024-01-30,5,3.5
2024-01-30,6,4.8
2024-01-30,7,4.0
2024-01-30,8,3.9
2024-01-30,9,2.5
2024-01-30,10,4.1
2024-01-30,11,4.0
2024-01-30,12,4.4
2024-01-30,13,4.1
2024-01-30,14,4.2
2024-01-30,15,4.3
2024-01-31,1,5.0
2024-01-31,2,4.2
2024-01-31,3,3.7
2024-01-31,4,4.5
2024-01-31,5,3.9
2024-01-31,6,3.7
2024-01-31,7,3.4
2024-01-31,8,4.0
2024-01-31,9,4.4
2024-01-31,10,4.4
2024-01-31,11,3.6
2024-01-31,12,4.6
2024-01-31,13,3.3
2024-01-31,14,4.0
2024-01-31,15,4.3
2024-02-01,1,4.0
2024-02-01,2,3.9
2024-02-01,3,4.0
2024-02-01,4,4.4
2024-02-01,5,3.7
2024-02-01,6,4.3
2024-02-01,7,4.0
2024-02-01,8,4.3
2024-02-01,9,4.6
2024-02-01,10,3.5
2024-02-01,11,4.5
2024-02-01,12,4.7
2024-02-01,13,3.1
2024-02-01,14,3.6
2024-02-01,15,4.6
2024-02-02,1,4.5
2024-02-02,2,2.8
2024-02-02,3,3.6
2024-02-02,4,4.1
2024-02-02,5,3.5
2024-02-02,6,3.8
2024-02-02,7,4.0
2024-02-02,8,3.9
2024-02-02,9,3.9
2024-02-02,10,4.2
2024-02-02,11,4.5
2024-02-02,12,4.3
2024-02-02,13,3.9
2024-02-02,14,4.9
2024-02-02,15,3.8
2024-02-03,1,4.2
2024-02-03,2,3.1
2024-02-03,3,2.8
2024-02-03,4,3.5
2024-02-03,5,3.5
2024-02-03,6,3.8
2024-02-03,7,4.9
2024-02-03,8,5.0
2024-02-03,9,4.0
2024-02-03,10,4.7
2024-02-03,11,4.2
2024-02-03,12,4.3
2024-02-03,13,3.4
2024-02-03,14,4.5
2024-02-03,15,3.8
2024-02-04,1,3.7
2024-02-04,2,4.0
2024-02-04,3,5.0
2024-02-04,4,4.3
2024-02-04,5,3.7
2024-02-04,6,3.9
2024-02-04,7,4.1
2024-02-04,8,4.8
2024-02-04,9,3.7
2024-02-04,10,3.7
2024-02-04,11,3.1
2024-02-04,12,4.2
2024-02-04,13,3.5
2024-02-04,14,4.7
2024-02-04,15,3.6
2024-02-05,1,4.0
2024-02-05,2,3.9
2024-02-05,3,4.0
2024-02-05,4,3.3
2024-02-05,5,3.5
2024-02-05,6,4.4
2024-02-05,7,4.4
2024-02-05,8,4.2
2024-02-05,9,4.0
2024-02-05,10,3.7
2024-02-05,11,3.7
2024-02-05,12,4.0
2024-02-05,13,4.7
2024-02-05,14,3.7
2024-02-05,15,3.5
2024-02-06,1,4.1
2024-02-06,2,3.7
2024-02-06,3,5.0
2024-02-06,4,3.9
2024-02-06,5,4.1
2024-02-06,6,3.8
2024-02-06,7,3.6
2024-02-06,8,3.8
2024-02-06,9,4.6
2024-02-06,10,3.9
2024-02-06,11,3.6
2024-02-06,12,3.9
2024-02-06,13,4.1
2024-02-06,14,4.3
2024-02-06,15,4.4
2024-02-07,1,3.2
2024-02-07,2,4.1
2024-02-07,3,3.6
2024-02-07,4,3.9
2024-02-07,5,4.1
2024-02-07,6,4.1
2024-02-07,7,4.6
2024-02-07,8,3.7
2024-02-07,9,3.7
2024-02-07,10,4.0
2024-02-07,11,4.5
2024-02-07,12,3.5
2024-02-07,13,3.6
2024-02-07,14,4.7
2024-02-07,15,3.8
2024-02-08,1,4.4
2024-02-08,2,3.9
2024-02-08,3,4.1
2024-02-08,4,4.2
2024-02-08,5,3.3
2024-02-08,6,3.8
2024-02-08,7,4.1
2024-02-08,8,4.0
2024-02-08,9,4.6
2024-02-08,10,3.3
2024-02-08,11,4.2
2024-02-08,12,4.9
2024-02-08,13,4.3
2024-02-08,14,4.4
2024-02-08,15,3.9
2024-02-09,1,4.3
2024-02-09,2,4.7
2024-02-09,3,4.2
2024-02-09,4,4.3
2024-02-09,5,4.0
2024-02-09,6,4.1
2024-02-09,7,4.6
2024-02-09,8,4.0
2024-02-09,9,3.4
2024-02-09,10,3.8
2024-02-09,11,3.3
2024-02-09,12,4.4
2024-02-09,13,3.7
2024-02-09,14,4.3
2024-02-09,15,3.2
2024-02-10,1,2.9
2024-02-10,2,3.3
2024-02-10,3,4.9
2024-02-10,4,3.7
2024-02-10,5,4.8
2024-02-10,6,3.8
2024-02-10,7,5.0
2024-02-10,8,4.2
2024-02-10,9,4.4
2024-02-10,10,4.8
2024-02-10,11,4.5
2024-02-10,12,3.9
2024-02-10,13,3.9
2024-02-10,14,4.2
2024-02-10,15,4.4
2024-02-11,1,4.2
2024-02-11,2,5.0
2024-02-11,3,3.4
2024-02-11,4,4.2
2024-02-11,5,4.1
2024-02-11,6,4.8
2024-02-11,7,4.0
2024-02-11,8,4.2
2024-02-11,9,3.4
2024-02-11,10,3.2
2024-02-11,11,3.9
2024-02-11,12,4.0
2024-02-11,13,3.9
2024-02-11,14,4.3
2024-02-11,15,4.3
2024-02-12,1,3.4
2024-02-12,2,3.8
2024-02-12,3,3.9
2024-02-12,4,4.3
2024-02-12,5,4.6
2024-02-12,6,3.2
2024-02-12,7,3.0
2024-02-12,8,3.6
2024-02-12,9,3.5
2024-02-12,10,3.2
2024-02-12,11,3.7
2024-02-12,12,3.6
2024-02-12,13,4.9
2024-02-12,14,3.7
2024-02-12,15,3.9
2024-02-13,1,4.4
2024-02-13,2,5.0
2024-02-13,3,4.0
2024-02-13,4,5.0
2024-02-13,5,3.6
2024-02-13,6,3.6
2024-02-13,7,4.0
2024-02-13,8,3.7
2024-02-13,9,4.0
2024-02-13,10,4.2
2024-02-13,11,3.7
2024-02-13,12,5.0
2024-02-13,13,3.1
2024-02-13,14,4.3
2024-02-13,15,3.5
2024-02-14,1,3.9
2024-02-14,2,3.9
2024-02-14,3,3.7
2024-02-14,4,4.2
2024-02-14,5,4.2
2024-02-14,6,4.6
2024-02-14,7,4.7
2024-02-14,8,4.2
2024-02-14,9,3.5
2024-02-14,10,4.5
2024-02-14,11,3.5
2024-02-14,12,4.5
2024-02-14,13,3.2
2024-02-14,14,4.0
2024-02-14,15,3.4
2024-02-15,1,4.3
2024-02-15,2,3.8
2024-02-15,3,3.7
2024-02-15,4,4.5
2024-02-15,5,3.8
2024-02-15,6,3.5
2024-02-15,7,4.7
2024-02-15,8,3.4
2024-02-15,9,3.6
2024-02-15,10,4.3
2024-02-15,11,4.0
2024-02-15,12,4.4
2024-02-15,13,4.5
2024-02-15,14,3.8
2024-02-15,15,2.9
2024-02-16,1,4.4
2024-02-16,2,3.7
2024-02-16,3,4.7
2024-02-16,4,3.9
2024-02-16,5,3.9
2024-02-16,6,3.7
2024-02-16,7,4.1
2024-02-16,8,3.6
2024-02-16,9,4.4
2024-02-16,10,4.4
2024-02-16,11,3.5
2024-02-16,12,3.8
2024-02-16,13,3.4
2024-02-16,14,3.5
2024-02-16,15,4.3
2024-02-17,1,4.2
2024-02-17,2,3.5
2024-02-17,3,3.5
2024-02-17,4,4.4
2024-02-17,5,4.2
2024-02-17,6,3.4
2024-02-17,7,4.5
2024-02-17,8,4.0
2024-02-17,9,4.4
2024-02-17,10,4.3
2024-02-17,11,3.5
2024-02-17,12,4.0
2024-02-17,13,3.5
2024-02-17,14,4.1
2024-02-17,15,4.3
2024-02-18,1,4.3
2024-02-18,2,4.4
2024-02-18,3,4.2
2024-02-18,4,3.5
2024-02-18,5,4.3
2024-02-18,6,4.5
2024-02-18,7,4.2
2024-02-18,8,3.9
2024-02-18,9,3.9
2024-02-18,10,3.3
2024-02-18,11,4.4
2024-02-18,12,3.9
2024-02-18,13,4.3
2024-02-18,14,3.7
2024-02-18,15,5.0
2024-02-19,1,4.3
2024-02-19,2,3.9
2024-02-19,3,3.2
2024-02-19,4,4.3
2024-02-19,5,4.0
2024-02-19,6,2.8
2024-02-19,7,3.5
2024-02-19,8,3.8
2024-02-19,9,4.7
2024-02-19,10,4.0
2024-02-19,11,4.5
2024-02-19,12,4.2
2024-02-19,13,4.4
2024-02-19,14,4.4
2024-02-19,15,5.0
2024-02-20,1,2.9
2024-02-20,2,4.0
2024-02-20,3,4.3
2024-02-20,4,4.6
2024-02-20,5,4.1
2024-02-20,6,3.7
2024-02-20,7,3.6
2024-02-20,8,3.8
2024-02-20,9,4.2
2024-02-20,10,4.0
2024-02-20,11,3.9
2024-02-20,12,3.9
2024-02-20,13,4.7
2024-02-20,14,3.4
2024-02-20,15,4.4
2024-02-21,1,3.3
2024-02-21,2,3.9
2024-02-21,3,3.7
2024-02-21,4,3.2
2024-02-21,5,3.5
2024-02-21,6,5.0
2024-02-21,7,3.9
2024-02-21,8,2.5
2024-02-21,9,4.0
2024-02-21,10,4.5
2024-02-21,11,4.2
2024-02-21,12,3.4
2024-02-21,13,2.7
2024-02-21,14,3.8
2024-02-21,15,4.0
2024-02-22,1,3.3
2024-02-22,2,3.6
2024-02-22,3,3.3
2024-02-22,4,5.0
2024-02-22,5,4.0
2024-02-22,6,3.5
2024-02-22,7,3.8
2024-02-22,8,4.1
2024-02-22,9,3.5
2024-02-22,10,4.1
2024-02-22,11,4.4
2024-02-22,12,4.2
2024-02-22,13,4.3
2024-02-22,14,4.2
2024-02-22,15,2.7
2024-02-23,1,2.8
2024-02-23,2,4.4
2024-02-23,3,4.2
2024-02-23,4,3.8
2024-02-23,5,3.3
2024-02-23,6,3.6
2024-02-23,7,4.5
2024-02-23,8,3.9
2024-02-23,9,3.7
2024-02-23,10,4.0
2024-02-23,11,4.1
2024-02-23,12,3.9
2024-02-23,13,4.1
2024-02-23,14,4.5
2024-02-23,15,4.0
2024-02-24,1,4.1
2024-02-24,2,4.1
2024-02-24,3,4.7
2024-02-24,4,4.5
2024-02-24,5,4.1
2024-02-24,6,4.4
2024-02-24,7,4.3
2024-02-24,8,3.9
2024-02-24,9,3.9
2024-02-24,10,3.3
2024-02-24,11,3.3
2024-02-24,12,4.4
2024-02-24,13,5.0
2024-02-24,14,4.2
2024-02-24,15,3.9
2024-02-25,1,4.1
2024-02-25,2,4.1
2024-02-25,3,3.3
2024-02-25,4,4.3
2024-02-25,5,4.2
2024-02-25,6,3.1
2024-02-25,7,4.2
2024-02-25,8,4.3
2024-02-25,9,3.3
2024-02-25,10,4.4
2024-02-25,11,3.8
2024-02-25,12,4.4
2024-02-25,13,3.9
2024-02-25,14,4.9
2024-02-25,15,3.9
2024-02-26,1,4.2
2024-02-26,2,2.9
2024-02-26,3,3.5
2024-02-26,4,4.3
2024-02-26,5,4.5
2024-02-26,6,3.1
2024-02-26,7,3.8
2024-02-26,8,4.7
2024-02-26,9,3.9
2024-02-26,10,3.7
2024-02-26,11,3.2
2024-02-26,12,3.9
2024-02-26,13,4.5
2024-02-26,14,4.3
2024-02-26,15,4.2
2024-02-27,1,4.7
2024-02-27,2,4.4
2024-02-27,3,4.0
2024-02-27,4,4.0
2024-02-27,5,3.5
2024-02-27,6,3.7
2024-02-27,7,3.1
2024-02-27,8,4.5
2024-02-27,9,4.9
2024-02-27,10,5.0
2024-02-27,11,3.9
2024-02-27,12,3.9
2024-02-27,13,4.1
2024-02-27,14,4.4
2024-02-27,15,3.1
2024-02-28,1,3.3
2024-02-28,2,3.2
2024-02-28,3,3.8
2024-02-28,4,3.7
2024-02-28,5,4.5
2024-02-28,6,3.5
2024-02-28,7,3.3
2024-02-28,8,3.8
2024-02-28,9,4.0
2024-02-28,10,3.7
2024-02-28,11,4.2
2024-02-28,12,3.3
2024-02-28,13,3.0
2024-02-28,14,4.3
2024-02-28,15,3.8
2024-02-29,1,3.2
2024-02-29,2,3.4
2024-02-29,3,3.4
2024-02-29,4,4.1
2024-02-29,5,4.3
2024-02-29,6,3.5
2024-02-29,7,4.3
2024-02-29,8,3.3
2024-02-29,9,3.7
2024-02-29,10,4.0
2024-02-29,11,4.4
2024-02-29,12,4.0
2024-02-29,13,4.4
2024-02-29,14,4.9
2024-02-29,15,4.5
2024-03-01,1,4.1
2024-03-01,2,3.6
2024-03-01,3,4.5
2024-03-01,4,3.6
2024-03-01,5,4.5
2024-03-01,6,3.9
2024-03-01,7,3.3
2024-03-01,8,3.6
2024-03-01,9,2.4
2024-03-01,10,4.2
2024-03-01,11,3.6
2024-03-01,12,2.9
2024-03-01,13,3.9
2024-03-01,14,4.0
2024-03-01,15,3.6
2024-03-02,1,3.6
2024-03-02,2,4.6
2024-03-02,3,4.0
2024-03-02,4,3.0
2024-03-02,5,3.9
2024-03-02,6,3.9
2024-03-02,7,3.1
2024-03-02,8,3.7
2024-03-02,9,2.9
2024-03-02,10,3.1
2024-03-02,11,3.0
2024-03-02,12,3.4
2024-03-02,13,4.7
2024-03-02,14,4.2
2024-03-02,15,4.3
2024-03-03,1,3.8
2024-03-03,2,3.9
2024-03-03,3,4.5
2024-03-03,4,4.2
2024-03-03,5,4.5
2024-03-03,6,3.4
2024-03-03,7,4.4
2024-03-03,8,5.0
2024-03-03,9,3.7
2024-03-03,10,3.8
2024-03-03,11,4.3
2024-03-03,12,4.6
2024-03-03,13,3.8
2024-03-03,14,3.1
2024-03-03,15,3.7
2024-03-04,1,3.5
2024-03-04,2,2.6
2024-03-04,3,4.4
2024-03-04,4,3.6
2024-03-04,5,4.1
2024-03-04,6,4.9
2024-03-04,7,2.9
2024-03-04,8,3.9
2024-03-04,9,4.2
2024-03-04,10,3.7
2024-03-04,11,4.0
2024-03-04,12,3.9
2024-03-04,13,3.2
2024-03-04,14,4.5
2024-03-04,15,4.1
2024-03-05,1,3.7
2024-03-05,2,3.5
2024-03-05,3,3.3
2024-03-05,4,4.1
2024-03-05,5,4.2
2024-03-05,6,4.3
2024-03-05,7,4.9
2024-03-05,8,4.0
2024-03-05,9,3.9
2024-03-05,10,3.5
2024-03-05,11,4.8
2024-03-05,12,5.0
2024-03-05,13,3.0
2024-03-05,14,3.7
2024-03-05,15,5.0
2024-03-06,1,2.8
2024-03-06,2,3.6
2024-03-06,3,4.3
2024-03-06,4,4.9
2024-03-06,5,4.8
2024-03-06,6,4.2
2024-03-06,7,3.9
2024-03-06,8,4.4
2024-03-06,9,4.5
2024-03-06,10,3.8
2024-03-06,11,4.4
2024-03-06,12,3.8
2024-03-06,13,3.3
2024-03-06,14,4.6
2024-03-06,15,5.0
2024-03-07,1,3.6
2024-03-07,2,3.6
2024-03-07,3,2.3
2024-03-07,4,4.3
2024-03-07,5,4.6
2024-03-07,6,3.7
2024-03-07,7,4.5
2024-03-07,8,3.4
2024-03-07,9,3.6
2024-03-07,10,2.8
2024-03-07,11,4.0
2024-03-07,12,4.0
2024-03-07,13,3.9
2024-03-07,14,4.4
2024-03-07,15,4.7
2024-03-08,1,3.8
2024-03-08,2,4.9
2024-03-08,3,3.9
2024-03-08,4,3.8
2024-03-08,5,3.9
2024-03-08,6,5.0
2024-03-08,7,3.6
2024-03-08,8,4.4
2024-03-08,9,4.0
2024-03-08,10,4.2
2024-03-08,11,3.6
2024-03-08,12,3.3
2024-03-08,13,4.5
2024-03-08,14,4.1
2024-03-08,15,3.6
2024-03-09,1,3.1
2024-03-09,2,3.7
2024-03-09,3,3.8
2024-03-09,4,4.7
2024-03-09,5,3.3
2024-03-09,6,4.3
2024-03-09,7,4.7
2024-03-09,8,3.6
2024-03-09,9,3.1
2024-03-09,10,4.6
2024-03-09,11,5.0
2024-03-09,12,3.6
2024-03-09,13,3.7
2024-03-09,14,3.6
2024-03-09,15,3.7
2024-03-10,1,3.9
2024-03-10,2,4.1
2024-03-10,3,3.3
2024-03-10,4,4.2
2024-03-10,5,3.3
2024-03-10,6,4.7
2024-03-10,7,4.9
2024-03-10,8,4.4
2024-03-10,9,3.3
2024-03-10,10,4.2
2024-03-10,11,3.8
2024-03-10,12,3.9
2024-03-10,13,3.2
2024-03-10,14,4.1
2024-03-10,15,4.3
2024-03-11,1,4.4
2024-03-11,2,4.4
2024-03-11,3,3.6
2024-03-11,4,3.9
2024-03-11,5,3.9
2024-03-11,6,4.0
2024-03-11,7,3.9
2024-03-11,8,4.0
2024-03-11,9,4.0
2024-03-11,10,3.8
2024-03-11,11,4.1
2024-03-11,12,3.1
2024-03-11,13,3.6
2024-03-11,14,4.5
2024-03-11,15,3.9
2024-03-12,1,4.1
2024-03-12,2,3.6
2024-03-12,3,4.8
2024-03-12,4,3.8
2024-03-12,5,2.6
2024-03-12,6,3.6
2024-03-12,7,4.5
2024-03-12,8,4.1
2024-03-12,9,3.0
2024-03-12,10,3.8
2024-03-12,11,3.2
2024-03-12,12,3.6
2024-03-12,13,3.6
2024-03-12,14,4.8
2024-03-12,15,3.5
2024-03-13,1,3.5
2024-03-13,2,3.1
2024-03-13,3,3.0
2024-03-13,4,3.6
2024-03-13,5,3.8
2024-03-13,6,3.9
2024-03-13,7,5.0
2024-03-13,8,4.3
2024-03-13,9,3.2
2024-03-13,10,4.7
2024-03-13,11,4.1
2024-03-13,12,3.7
2024-03-13,13,4.2
2024-03-13,14,3.7
2024-03-13,15,3.8
2024-03-14,1,4.1
2024-03-14,2,4.4
2024-03-14,3,3.7
2024-03-14,4,4.6
2024-03-14,5,3.8
2024-03-14,6,4.4
2024-03-14,7,3.8
2024-03-14,8,3.8
2024-03-14,9,4.4
2024-03-14,10,3.3
2024-03-14,11,3.9
2024-03-14,12,3.3
2024-03-14,13,4.0
2024-03-14,14,4.9
2024-03-14,15,4.2
2024-03-15,1,4.2
2024-03-15,2,3.4
2024-03-15,3,3.7
2024-03-15,4,4.0
2024-03-15,5,3.6
2024-03-15,6,4.0
2024-03-15,7,4.4
2024-03-15,8,3.8
2024-03-15,9,3.7
2024-03-15,10,4.8
2024-03-15,11,3.4
2024-03-15,12,3.3
2024-03-15,13,3.9
2024-03-15,14,3.5
2024-03-15,15,4.6
2024-03-16,1,4.1
2024-03-16,2,4.5
2024-03-16,3,4.7
2024-03-16,4,4.3
2024-03-16,5,4.7
2024-03-16,6,3.9
2024-03-16,7,4.0
2024-03-16,8,4.2
2024-03-16,9,5.0
2024-03-16,10,4.1
2024-03-16,11,3.8
2024-03-16,12,3.9
2024-03-16,13,3.1
2024-03-16,14,3.4
2024-03-16,15,3.4
2024-03-17,1,4.0
2024-03-17,2,4.0
2024-03-17,3,4.0
2024-03-17,4,4.7
2024-03-17,5,4.0
2024-03-17,6,4.3
2024-03-17,7,4.6
2024-03-17,8,3.6
2024-03-17,9,3.4
2024-03-17,10,3.9
2024-03-17,11,4.1
2024-03-17,12,3.3
2024-03-17,13,2.4
2024-03-17,14,4.4
2024-03-17,15,3.3
2024-03-18,1,3.5
2024-03-18,2,4.3
2024-03-18,3,3.5
2024-03-18,4,2.8
2024-03-18,5,4.0
2024-03-18,6,4.3
2024-03-18,7,4.6
2024-03-18,8,4.4
2024-03-18,9,4.6
2024-03-18,10,3.4
2024-03-18,11,4.9
2024-03-18,12,3.5
2024-03-18,13,3.6
2024-03-18,14,4.0
2024-03-18,15,4.0
2024-03-19,1,3.5
2024-03-19,2,4.3
2024-03-19,3,4.1
2024-03-19,4,3.9
2024-03-19,5,4.2
2024-03-19,6,3.7
2024-03-19,7,4.3
2024-03-19,8,4.0
2024-03-19,9,3.6
2024-03-19,10,4.0
2024-03-19,11,3.8
2024-03-19,12,3.6
2024-03-19,13,4.3
2024-03-19,14,4.0
2024-03-19,15,4.4
2024-03-20,1,4.0
2024-03-20,2,3.9
2024-03-20,3,4.1
2024-03-20,4,4.1
2024-03-20,5,3.8
2024-03-20,6,3.3
2024-03-20,7,2.9
2024-03-20,8,4.3
2024-03-20,9,4.0
2024-03-20,10,3.5
2024-03-20,11,4.4
2024-03-20,12,3.3
2024-03-20,13,4.2
2024-03-20,14,3.8
2024-03-20,15,3.9
2024-03-21,1,3.8
2024-03-21,2,4.5
2024-03-21,3,4.4
2024-03-21,4,3.1
2024-03-21,5,4.2
2024-03-21,6,4.0
2024-03-21,7,3.9
2024-03-21,8,3.9
2024-03-21,9,3.7
2024-03-21,10,4.1
2024-03-21,11,3.3
2024-03-21,12,4.9
2024-03-21,13,3.7
2024-03-21,14,4.2
2024-03-21,15,3.7
2024-03-22,1,3.7
2024-03-22,2,4.3
2024-03-22,3,3.9
2024-03-22,4,3.9
2024-03-22,5,4.7
2024-03-22,6,4.2
2024-03-22,7,3.5
2024-03-22,8,3.6
2024-03-22,9,4.2
2024-03-22,10,4.2
2024-03-22,11,4.1
2024-03-22,12,3.9
2024-03-22,13,3.9
2024-03-22,14,3.9
2024-03-22,15,5.0
2024-03-23,1,4.0
2024-03-23,2,4.6
2024-03-23,3,3.8
2024-03-23,4,4.6
2024-03-23,5,3.8
2024-03-23,6,3.4
2024-03-23,7,3.3
2024-03-23,8,3.5
2024-03-23,9,3.7
2024-03-23,10,3.3
2024-03-23,11,4.0
2024-03-23,12,4.2
2024-03-23,13,3.8
2024-03-23,14,3.7
2024-03-23,15,3.4
2024-03-24,1,3.7
2024-03-24,2,4.4
2024-03-24,3,4.3
2024-03-24,4,4.1
2024-03-24,5,4.5
2024-03-24,6,4.7
2024-03-24,7,4.0
2024-03-24,8,4.7
2024-03-24,9,3.4
2024-03-24,10,4.6
2024-03-24,11,3.7
2024-03-24,12,4.3
2024-03-24,13,4.5
2024-03-24,14,3.5
2024-03-24,15,3.8
2024-03-25,1,4.4
2024-03-25,2,3.7
2024-03-25,3,4.4
2024-03-25,4,3.2
2024-03-25,5,3.5
2024-03-25,6,4.5
2024-03-25,7,3.5
2024-03-25,8,4.2
2024-03-25,9,4.7
2024-03-25,10,4.6
2024-03-25,11,2.9
2024-03-25,12,3.2
2024-03-25,13,2.9
2024-03-25,14,3.5
2024-03-25,15,4.2
2024-03-26,1,3.5
2024-03-26,2,3.8
2024-03-26,3,4.6
2024-03-26,4,3.9
2024-03-26,5,4.0
2024-03-26,6,4.7
2024-03-26,7,3.4
2024-03-26,8,4.2
2024-03-26,9,3.8
2024-03-26,10,4.3
2024-03-26,11,4.1
2024-03-26,12,4.5
2024-03-26,13,3.4
2024-03-26,14,3.5
2024-03-26,15,3.8
2024-03-27,1,4.3
2024-03-27,2,4.6
2024-03-27,3,3.6
2024-03-27,4,4.3
2024-03-27,5,3.3
2024-03-27,6,4.5
2024-03-27,7,4.4
2024-03-27,8,3.4
2024-03-27,9,3.9
2024-03-27,10,3.4
2024-03-27,11,4.6
2024-03-27,12,4.1
2024-03-27,13,4.2
2024-03-27,14,3.1
2024-03-27,15,4.2
2024-03-28,1,3.4
2024-03-28,2,5.0
2024-03-28,3,4.0
2024-03-28,4,4.3
2024-03-28,5,3.8
2024-03-28,6,4.4
2024-03-28,7,4.0
2024-03-28,8,4.3
2024-03-28,9,4.3
2024-03-28,10,3.4
2024-03-28,11,4.2
2024-03-28,12,4.3
2024-03-28,13,3.8
2024-03-28,14,5.0
2024-03-28,15,3.9
2024-03-29,1,4.4
2024-03-29,2,3.6
2024-03-29,3,3.9
2024-03-29,4,4.6
2024-03-29,5,3.8
2024-03-29,6,3.7
2024-03-29,7,4.3
2024-03-29,8,4.8
2024-03-29,9,4.2
2024-03-29,10,4.1
2024-03-29,11,4.6
2024-03-29,12,3.4
2024-03-29,13,4.1
2024-03-29,14,3.7
2024-03-29,15,4.6
2024-03-30,1,3.9
2024-03-30,2,4.2
2024-03-30,3,3.7
2024-03-30,4,3.2
2024-03-30,5,5.0
2024-03-30,6,3.3
2024-03-30,7,4.6
2024-03-30,8,4.0
2024-03-30,9,4.6
2024-03-30,10,3.5
2024-03-30,11,4.1
2024-03-30,12,3.3
2024-03-30,13,4.7
2024-03-30,14,4.7
2024-03-30,15,3.5
2024-03-31,1,4.2
2024-03-31,2,4.3
2024-03-31,3,4.4
2024-03-31,4,4.2
2024-03-31,5,4.1
2024-03-31,6,4.2
2024-03-31,7,3.7
2024-03-31,8,4.3
2024-03-31,9,3.9
2024-03-31,10,5.0
2024-03-31,11,4.4
2024-03-31,12,3.4
2024-03-31,13,4.2
2024-03-31,14,4.4
2024-03-31,15,4.5
2024-04-01,1,4.3
2024-04-01,2,4.4
2024-04-01,3,4.3
2024-04-01,4,4.0
2024-04-01,5,4.1
2024-04-01,6,4.5
2024-04-01,7,4.8
2024-04-01,8,4.4
2024-04-01,9,3.7
2024-04-01,10,4.2
2024-04-01,11,3.9
2024-04-01,12,3.8
2024-04-01,13,4.2
2024-04-01,14,4.4
2024-04-01,15,4.4
2024-04-02,1,3.4
2024-04-02,2,4.2
2024-04-02,3,4.8
2024-04-02,4,2.8
2024-04-02,5,4.7
2024-04-02,6,3.3
2024-04-02,7,3.7
2024-04-02,8,3.7
2024-04-02,9,4.5
2024-04-02,10,2.6
2024-04-02,11,4.5
2024-04-02,12,4.4
2024-04-02,13,3.8
2024-04-02,14,4.4
2024-04-02,15,4.6
2024-04-03,1,4.0
2024-04-03,2,3.4
2024-04-03,3,3.9
2024-04-03,4,4.7
2024-04-03,5,3.8
2024-04-03,6,3.2
2024-04-03,7,3.9
2024-04-03,8,3.9
2024-04-03,9,4.2
2024-04-03,10,2.9
2024-04-03,11,4.1
2024-04-03,12,4.9
2024-04-03,13,3.5
2024-04-03,14,3.5
2024-04-03,15,4.0
2024-04-04,1,3.0
2024-04-04,2,4.0
2024-04-04,3,3.4
2024-04-04,4,4.2
2024-04-04,5,3.3
2024-04-04,6,5.0
2024-04-04,7,3.7
2024-04-04,8,4.5
2024-04-04,9,4.5
2024-04-04,10,2.6
2024-04-04,11,4.6
2024-04-04,12,3.7
2024-04-04,13,4.4
2024-04-04,14,4.9
2024-04-04,15,4.7
2024-04-05,1,4.3
2024-04-05,2,3.3
2024-04-05,3,4.3
2024-04-05,4,3.5
2024-04-05,5,3.9
2024-04-05,6,3.8
2024-04-05,7,4.2
2024-04-05,8,3.7
2024-04-05,9,4.1
2024-04-05,10,4.3
2024-04-05,11,3.8
2024-04-05,12,3.0
2024-04-05,13,4.5
2024-04-05,14,4.1
2024-04-05,15,3.9
2024-04-06,1,4.0
2024-04-06,2,4.5
2024-04-06,3,3.8
2024-04-06,4,3.4
2024-04-06,5,3.7
2024-04-06,6,4.1
2024-04-06,7,4.1
2024-04-06,8,3.2
2024-04-06,9,4.8
2024-04-06,10,5.0
2024-04-06,11,4.8
2024-04-06,12,4.2
2024-04-06,13,3.8
2024-04-06,14,4.4
2024-04-06,15,4.1
2024-04-07,1,3.9
2024-04-07,2,3.7
2024-04-07,3,3.5
2024-04-07,4,4.2
2024-04-07,5,4.4
2024-04-07,6,3.9
2024-04-07,7,3.9
2024-04-07,8,4.3
2024-04-07,9,3.4
2024-04-07,10,3.6
2024-04-07,11,3.5
2024-04-07,12,4.6
2024-04-07,13,4.4
2024-04-07,14,2.4
2024-04-07,15,3.7
2024-04-08,1,4.6
2024-04-08,2,3.5
2024-04-08,3,2.7
2024-04-08,4,4.4
2024-04-08,5,4.2
2024-04-08,6,3.5
2024-04-08,7,3.5
2024-04-08,8,3.9
2024-04-08,9,3.8
2024-04-08,10,3.9
2024-04-08,11,5.0
2024-04-08,12,3.9
2024-04-08,13,3.6
2024-04-08,14,4.2
2024-04-08,15,4.2
2024-04-09,1,4.5
2024-04-09,2,3.8
2024-04-09,3,4.2
2024-04-09,4,3.4
2024-04-09,5,4.3
2024-04-09,6,3.7
2024-04-09,7,3.8
2024-04-09,8,4.2
2024-04-09,9,4.2
2024-04-09,10,3.6
2024-04-09,11,3.7
2024-04-09,12,3.9
2024-04-09,13,4.7
2024-04-09,14,4.6
2024-04-09,15,3.4
2024-04-10,1,4.7
2024-04-10,2,3.6
2024-04-10,3,4.2
2024-04-10,4,3.3
2024-04-10,5,4.1
2024-04-10,6,4.1
2024-04-10,7,4.2
2024-04-10,8,3.4
2024-04-10,9,3.8
2024-04-10,10,3.1
2024-04-10,11,4.6
2024-04-10,12,4.2
2024-04-10,13,4.7
2024-04-10,14,4.1
2024-04-10,15,3.7
2024-04-11,1,4.3
2024-04-11,2,3.4
2024-04-11,3,3.7
2024-04-11,4,3.9
2024-04-11,5,4.4
2024-04-11,6,3.8
2024-04-11,7,2.9
2024-04-11,8,4.0
2024-04-11,9,4.5
2024-04-11,10,4.2
2024-04-11,11,4.2
2024-04-11,12,3.8
2024-04-11,13,4.0
2024-04-11,14,3.9
2024-04-11,15,4.0
2024-04-12,1,4.3
2024-04-12,2,4.0
2024-04-12,3,3.9
2024-04-12,4,4.4
2024-04-12,5,4.4
2024-04-12,6,4.5
2024-04-12,7,4.8
2024-04-12,8,4.3
2024-04-12,9,3.9
2024-04-12,10,4.3
2024-04-12,11,3.7
2024-04-12,12,3.5
2024-04-12,13,3.8
2024-04-12,14,5.0
2024-04-12,15,3.7
2024-04-13,1,5.0
2024-04-13,2,3.7
2024-04-13,3,4.1
2024-04-13,4,5.0
2024-04-13,5,3.6
2024-04-13,6,3.5
2024-04-13,7,3.4
2024-04-13,8,3.4
2024-04-13,9,4.0
2024-04-13,10,3.6
2024-04-13,11,4.2
2024-04-13,12,3.4
2024-04-13,13,3.9
2024-04-13,14,3.5
2024-04-13,15,4.3
2024-04-14,1,4.1
2024-04-14,2,4.3
2024-04-14,3,4.0
2024-04-14,4,3.8
2024-04-14,5,4.2
2024-04-14,6,3.4
2024-04-14,7,3.6
2024-04-14,8,4.5
2024-04-14,9,4.4
2024-04-14,10,4.2
2024-04-14,11,3.3
2024-04-14,12,3.6
2024-04-14,13,4.6
2024-04-14,14,4.1
2024-04-14,15,3.8
2024-04-15,1,4.5
2024-04-15,2,4.9
2024-04-15,3,4.5
2024-04-15,4,4.4
2024-04-15,5,3.9
2024-04-15,6,4.5
2024-04-15,7,4.8
2024-04-15,8,4.0
2024-04-15,9,3.8
2024-04-15,10,4.0
2024-04-15,11,4.1
2024-04-15,12,3.3
2024-04-15,13,4.5
2024-04-15,14,4.1
2024-04-15,15,3.3
2024-04-16,1,4.0
2024-04-16,2,3.5
2024-04-16,3,3.6
2024-04-16,4,5.0
2024-04-16,5,4.2
2024-04-16,6,3.8
2024-04-16,7,3.1
2024-04-16,8,4.2
2024-04-16,9,4.0
2024-04-16,10,3.8
2024-04-16,11,3.7
2024-04-16,12,4.6
2024-04-16,13,4.6
2024-04-16,14,4.3
2024-04-16,15,3.1
2024-04-17,1,3.9
2024-04-17,2,4.7
2024-04-17,3,3.8
2024-04-17,4,3.6
2024-04-17,5,3.6
2024-04-17,6,4.7
2024-04-17,7,3.3
2024-04-17,8,4.0
2024-04-17,9,3.2
2024-04-17,10,4.2
2024-04-17,11,5.0
2024-04-17,12,4.0
2024-04-17,13,3.9
2024-04-17,14,3.8
2024-04-17,15,3.9
2024-04-18,1,4.1
2024-04-18,2,4.3
2024-04-18,3,3.9
2024-04-18,4,4.3
2024-04-18,5,3.9
2024-04-18,6,4.4
2024-04-18,7,4.5
2024-04-18,8,3.8
2024-04-18,9,4.4
2024-04-18,10,4.2
2024-04-18,11,4.6
2024-04-18,12,4.4
2024-04-18,13,3.7
2024-04-18,14,5.0
2024-04-18,15,4.1
2024-04-19,1,3.8
2024-04-19,2,4.5
2024-04-19,3,4.2
2024-04-19,4,3.7
2024-04-19,5,4.1
2024-04-19,6,5.0
2024-04-19,7,3.6
2024-04-19,8,3.6
2024-04-19,9,5.0
2024-04-19,10,3.4
2024-04-19,11,3.5
2024-04-19,12,4.0
2024-04-19,13,4.0
2024-04-19,14,4.8
2024-04-19,15,4.9
2024-04-20,1,5.0
2024-04-20,2,4.6
2024-04-20,3,3.6
2024-04-20,4,3.4
2024-04-20,5,4.1
2024-04-20,6,3.6
2024-04-20,7,3.7
2024-04-20,8,3.7
2024-04-20,9,4.1
2024-04-20,10,4.6
2024-04-20,11,3.4
2024-04-20,12,4.1
2024-04-20,13,5.0
2024-04-20,14,3.0
2024-04-20,15,4.7
2024-04-21,1,2.8
2024-04-21,2,3.7
2024-04-21,3,3.4
2024-04-21,4,4.0
2024-04-21,5,4.3
2024-04-21,6,4.4
2024-04-21,7,3.5
2024-04-21,8,3.7
2024-04-21,9,3.8
2024-04-21,10,3.5
2024-04-21,11,3.5
2024-04-21,12,4.8
2024-04-21,13,3.7
2024-04-21,14,3.9
2024-04-21,15,5.0
2024-04-22,1,4.8
2024-04-22,2,3.6
2024-04-22,3,3.9
2024-04-22,4,3.0
2024-04-22,5,4.4
2024-04-22,6,4.6
2024-04-22,7,4.0
2024-04-22,8,4.0
2024-04-22,9,4.4
2024-04-22,10,4.8
2024-04-22,11,4.6
2024-04-22,12,4.0
2024-04-22,13,4.5
2024-04-22,14,3.8
2024-04-22,15,4.7
2024-04-23,1,3.1
2024-04-23,2,2.7
2024-04-23,3,4.3
2024-04-23,4,3.8
2024-04-23,5,3.2
2024-04-23,6,3.8
2024-04-23,7,3.6
2024-04-23,8,3.7
2024-04-23,9,4.1
2024-04-23,10,4.2
2024-04-23,11,4.8
2024-04-23,12,4.1
2024-04-23,13,3.2
2024-04-23,14,3.8
2024-04-23,15,2.1
2024-04-24,1,4.4
2024-04-24,2,3.8
2024-04-24,3,4.3
2024-04-24,4,4.3
2024-04-24,5,4.1
2024-04-24,6,4.4
2024-04-24,7,3.9
2024-04-24,8,4.5
2024-04-24,9,3.4
2024-04-24,10,4.5
2024-04-24,11,4.2
2024-04-24,12,3.7
2024-04-24,13,4.0
2024-04-24,14,3.2
2024-04-24,15,2.8
2024-04-25,1,4.0
2024-04-25,2,4.1
2024-04-25,3,4.4
2024-04-25,4,4.3
2024-04-25,5,4.2
2024-04-25,6,4.8
2024-04-25,7,4.5
2024-04-25,8,4.0
2024-04-25,9,4.0
2024-04-25,10,4.9
2024-04-25,11,4.1
2024-04-25,12,4.1
2024-04-25,13,4.1
2024-04-25,14,4.5
2024-04-25,15,3.6
2024-04-26,1,4.0
2024-04-26,2,3.4
2024-04-26,3,3.6
2024-04-26,4,3.6
2024-04-26,5,3.5
2024-04-26,6,3.4
2024-04-26,7,4.3
2024-04-26,8,3.9
2024-04-26,9,3.4
2024-04-26,10,3.8
2024-04-26,11,4.2
2024-04-26,12,4.0
2024-04-26,13,4.3
2024-04-26,14,3.2
2024-04-26,15,4.7
2024-04-27,1,4.1
2024-04-27,2,3.6
2024-04-27,3,3.6
2024-04-27,4,4.5
2024-04-27,5,3.1
2024-04-27,6,4.1
2024-04-27,7,2.4
2024-04-27,8,3.1
2024-04-27,9,3.3
2024-04-27,10,3.2
2024-04-27,11,3.9
2024-04-27,12,3.9
2024-04-27,13,3.4
2024-04-27,14,3.4
2024-04-27,15,4.7
2024-04-28,1,4.0
2024-04-28,2,3.5
2024-04-28,3,3.4
2024-04-28,4,4.0
2024-04-28,5,4.6
2024-04-28,6,3.7
2024-04-28,7,4.3
2024-04-28,8,4.9
2024-04-28,9,3.4
2024-04-28,10,5.0
2024-04-28,11,3.8
2024-04-28,12,3.9
2024-04-28,13,4.9
2024-04-28,14,4.3
2024-04-28,15,4.7
2024-04-29,1,4.4
2024-04-29,2,3.5
2024-04-29,3,3.5
2024-04-29,4,3.4
2024-04-29,5,3.8
2024-04-29,6,3.6
2024-04-29,7,4.7
2024-04-29,8,4.1
2024-04-29,9,3.9
2024-04-29,10,4.8
2024-04-29,11,3.2
2024-04-29,12,4.5
2024-04-29,13,4.3
2024-04-29,14,4.3
2024-04-29,15,4.1
2024-04-30,1,5.0
2024-04-30,2,3.3
2024-04-30,3,3.6
2024-04-30,4,3.8
2024-04-30,5,3.3
2024-04-30,6,4.4
2024-04-30,7,4.4
2024-04-30,8,4.7
2024-04-30,9,4.2
2024-04-30,10,3.1
2024-04-30,11,4.9
2024-04-30,12,3.6
2024-04-30,13,3.9
2024-04-30,14,4.6
2024-04-30,15,3.7
2024-05-01,1,3.5
2024-05-01,2,3.6
2024-05-01,3,4.1
2024-05-01,4,4.3
2024-05-01,5,4.2
2024-05-01,6,3.9
2024-05-01,7,4.4
2024-05-01,8,3.9
2024-05-01,9,4.7
2024-05-01,10,3.4
2024-05-01,11,4.8
2024-05-01,12,3.0
2024-05-01,13,3.8
2024-05-01,14,3.6
2024-05-01,15,3.5
2024-05-02,1,3.4
2024-05-02,2,3.6
2024-05-02,3,4.4
2024-05-02,4,3.1
2024-05-02,5,4.9
2024-05-02,6,3.8
2024-05-02,7,4.1
2024-05-02,8,3.2
2024-05-02,9,3.1
2024-05-02,10,2.9
2024-05-02,11,4.4
2024-05-02,12,4.8
2024-05-02,13,3.1
2024-05-02,14,3.9
2024-05-02,15,3.5
2024-05-03,1,4.1
2024-05-03,2,3.5
2024-05-03,3,3.9
2024-05-03,4,4.5
2024-05-03,5,3.3
2024-05-03,6,3.7
2024-05-03,7,4.4
2024-05-03,8,3.3
2024-05-03,9,4.4
2024-05-03,10,4.4
2024-05-03,11,3.9
2024-05-03,12,4.6
2024-05-03,13,4.8
2024-05-03,14,3.7
2024-05-03,15,3.7
2024-05-04,1,4.3
2024-05-04,2,3.6
2024-05-04,3,3.6
2024-05-04,4,4.8
2024-05-04,5,3.5
2024-05-04,6,3.5
2024-05-04,7,4.0
2024-05-04,8,3.5
2024-05-04,9,3.5
2024-05-04,10,3.1
2024-05-04,11,3.7
2024-05-04,12,4.1
2024-05-04,13,4.2
2024-05-04,14,3.5
2024-05-04,15,3.5
2024-05-05,1,4.3
2024-05-05,2,4.7
2024-05-05,3,3.5
2024-05-05,4,4.5
2024-05-05,5,4.2
2024-05-05,6,3.8
2024-05-05,7,3.6
2024-05-05,8,3.6
2024-05-05,9,4.4
2024-05-05,10,3.4
2024-05-05,11,4.1
2024-05-05,12,3.8
2024-05-05,13,3.7
2024-05-05,14,3.6
2024-05-05,15,4.5
2024-05-06,1,4.7
2024-05-06,2,3.1
2024-05-06,3,4.1
2024-05-06,4,4.8
2024-05-06,5,4.5
2024-05-06,6,4.2
2024-05-06,7,3.6
2024-05-06,8,3.9
2024-05-06,9,4.1
2024-05-06,10,4.2
2024-05-06,11,5.0
2024-05-06,12,3.5
2024-05-06,13,2.8
2024-05-06,14,4.4
2024-05-06,15,4.1
2024-05-07,1,3.9
2024-05-07,2,4.8
2024-05-07,3,4.4
2024-05-07,4,3.7
2024-05-07,5,3.7
2024-05-07,6,4.1
2024-05-07,7,4.6
2024-05-07,8,3.6
2024-05-07,9,3.9
2024-05-07,10,4.9
2024-05-07,11,3.7
2024-05-07,12,3.1
2024-05-07,13,4.3
2024-05-07,14,4.1
2024-05-07,15,4.4
2024-05-08,1,3.5
2024-05-08,2,3.4
2024-05-08,3,3.9
2024-05-08,4,3.5
2024-05-08,5,3.9
2024-05-08,6,3.6
2024-05-08,7,4.2
2024-05-08,8,3.6
2024-05-08,9,4.5
2024-05-08,10,4.2
2024-05-08,11,4.1
2024-05-08,12,4.3
2024-05-08,13,4.0
2024-05-08,14,3.4
2024-05-08,15,4.7
2024-05-09,1,3.7
2024-05-09,2,4.3
2024-05-09,3,3.8
2024-05-09,4,3.4
2024-05-09,5,3.2
2024-05-09,6,5.0
2024-05-09,7,3.2
2024-05-09,8,3.9
2024-05-09,9,4.3
2024-05-09,10,2.9
2024-05-09,11,3.9
2024-05-09,12,4.7
2024-05-09,13,4.5
2024-05-09,14,4.4
2024-05-09,15,4.0
2024-05-10,1,3.4
2024-05-10,2,3.6
2024-05-10,3,3.5
2024-05-10,4,4.2
2024-05-10,5,3.1
2024-05-10,6,4.4
2024-05-10,7,3.8
2024-05-10,8,3.6
2024-05-10,9,4.3
2024-05-10,10,3.4
2024-05-10,11,4.5
2024-05-10,12,4.1
2024-05-10,13,3.9
2024-05-10,14,3.4
2024-05-10,15,3.6
2024-05-11,1,4.2
2024-05-11,2,4.3
2024-05-11,3,4.3
2024-05-11,4,4.1
2024-05-11,5,4.4
2024-05-11,6,3.4
2024-05-11,7,4.3
2024-05-11,8,3.4
2024-05-11,9,3.9
2024-05-11,10,3.9
2024-05-11,11,3.8
2024-05-11,12,5.0
2024-05-11,13,3.7
2024-05-11,14,4.5
2024-05-11,15,4.0
2024-05-12,1,4.5
2024-05-12,2,3.8
2024-05-12,3,3.5
2024-05-12,4,3.9
2024-05-12,5,4.0
2024-05-12,6,4.6
2024-05-12,7,3.9
2024-05-12,8,3.8
2024-05-12,9,4.1
2024-05-12,10,3.7
2024-05-12,11,4.2
2024-05-12,12,4.0
2024-05-12,13,3.2
2024-05-12,14,4.1
2024-05-12,15,4.2
2024-05-13,1,4.0
2024-05-13,2,4.1
2024-05-13,3,4.2
2024-05-13,4,3.9
2024-05-13,5,3.9
2024-05-13,6,4.2
2024-05-13,7,4.2
2024-05-13,8,3.9
2024-05-13,9,4.2
2024-05-13,10,4.2
2024-05-13,11,2.7
2024-05-13,12,3.8
2024-05-13,13,4.6
2024-05-13,14,4.4
2024-05-13,15,4.7
2024-05-14,1,4.1
2024-05-14,2,4.7
2024-05-14,3,3.7
2024-05-14,4,3.6
2024-05-14,5,4.1
2024-05-14,6,3.8
2024-05-14,7,4.7
2024-05-14,8,4.6
2024-05-14,9,4.0
2024-05-14,10,3.9
2024-05-14,11,4.0
2024-05-14,12,4.2
2024-05-14,13,4.2
2024-05-14,14,4.6
2024-05-14,15,4.6
2024-05-15,1,3.2
2024-05-15,2,4.2
2024-05-15,3,3.8
2024-05-15,4,4.3
2024-05-15,5,4.4
2024-05-15,6,3.4
2024-05-15,7,4.3
2024-05-15,8,4.1
2024-05-15,9,4.5
2024-05-15,10,4.3
2024-05-15,11,3.6
2024-05-15,12,3.6
2024-05-15,13,3.5
2024-05-15,14,4.2
2024-05-15,15,3.8
2024-05-16,1,3.3
2024-05-16,2,4.1
2024-05-16,3,3.6
2024-05-16,4,3.9
2024-05-16,5,3.8
2024-05-16,6,3.5
2024-05-16,7,4.7
2024-05-16,8,3.8
2024-05-16,9,3.6
2024-05-16,10,4.4
2024-05-16,11,3.8
2024-05-16,12,3.8
2024-05-16,13,4.8
2024-05-16,14,4.9
2024-05-16,15,3.9
2024-05-17,1,3.6
2024-05-17,2,4.0
2024-05-17,3,3.7
2024-05-17,4,4.2
2024-05-17,5,3.9
2024-05-17,6,4.5
2024-05-17,7,3.5
2024-05-17,8,3.9
2024-05-17,9,4.3
2024-05-17,10,4.6
2024-05-17,11,3.7
2024-05-17,12,4.0
2024-05-17,13,4.2
2024-05-17,14,3.9
2024-05-17,15,3.9
2024-05-18,1,4.8
2024-05-18,2,4.4
2024-05-18,3,3.9
2024-05-18,4,3.6
2024-05-18,5,4.3
2024-05-18,6,4.1
2024-05-18,7,3.8
2024-05-18,8,3.3
2024-05-18,9,2.9
2024-05-18,10,3.4
2024-05-18,11,4.7
2024-05-18,12,3.5
2024-05-18,13,4.7
2024-05-18,14,4.2
2024-05-18,15,4.2
2024-05-19,1,3.8
2024-05-19,2,4.7
2024-05-19,3,4.3
2024-05-19,4,3.9
2024-05-19,5,4.0
2024-05-19,6,4.1
2024-05-19,7,4.2
2024-05-19,8,3.9
2024-05-19,9,5.0
2024-05-19,10,4.7
2024-05-19,11,3.9
2024-05-19,12,3.9
2024-05-19,13,4.5
2024-05-19,14,3.7
2024-05-19,15,3.9
2024-05-20,1,4.2
2024-05-20,2,4.0
2024-05-20,3,3.3
2024-05-20,4,3.4
2024-05-20,5,4.1
2024-05-20,6,3.9
2024-05-20,7,3.9
2024-05-20,8,3.3
2024-05-20,9,3.9
2024-05-20,10,3.9
2024-05-20,11,4.7
2024-05-20,12,3.9
2024-05-20,13,4.0
2024-05-20,14,3.9
2024-05-20,15,3.6
2024-05-21,1,4.0
2024-05-21,2,3.9
2024-05-21,3,4.1
2024-05-21,4,4.7
2024-05-21,5,4.1
2024-05-21,6,3.9
2024-05-21,7,4.3
2024-05-21,8,4.0
2024-05-21,9,4.5
2024-05-21,10,3.9
2024-05-21,11,3.4
2024-05-21,12,4.4
2024-05-21,13,3.5
2024-05-21,14,4.8
2024-05-21,15,3.7
2024-05-22,1,3.7
2024-05-22,2,4.7
2024-05-22,3,4.6
2024-05-22,4,4.3
2024-05-22,5,4.5
2024-05-22,6,3.7
2024-05-22,7,4.5
2024-05-22,8,3.7
2024-05-22,9,3.7
2024-05-22,10,4.0
2024-05-22,11,3.3
2024-05-22,12,4.4
2024-05-22,13,4.3
2024-05-22,14,4.1
2024-05-22,15,3.9
2024-05-23,1,3.9
2024-05-23,2,4.2
2024-05-23,3,3.9
2024-05-23,4,3.5
2024-05-23,5,3.9
2024-05-23,6,4.2
2024-05-23,7,3.4
2024-05-23,8,4.5
2024-05-23,9,4.6
2024-05-23,10,4.7
2024-05-23,11,3.9
2024-05-23,12,3.9
2024-05-23,13,3.3
2024-05-23,14,3.3
2024-05-23,15,3.8
2024-05-24,1,3.9
2024-05-24,2,3.6
2024-05-24,3,4.0
2024-05-24,4,3.4
2024-05-24,5,4.3
2024-05-24,6,4.2
2024-05-24,7,3.6
2024-05-24,8,3.0
2024-05-24,9,3.4
2024-05-24,10,4.1
2024-05-24,11,4.2
2024-05-24,12,4.3
2024-05-24,13,3.0
2024-05-24,14,3.9
2024-05-24,15,5.0
2024-05-25,1,4.0
2024-05-25,2,3.7
2024-05-25,3,4.9
2024-05-25,4,4.4
2024-05-25,5,3.8
2024-05-25,6,4.7
2024-05-25,7,3.8
2024-05-25,8,3.3
2024-05-25,9,3.3
2024-05-25,10,4.1
2024-05-25,11,4.8
2024-05-25,12,4.3
2024-05-25,13,3.8
2024-05-25,14,4.7
2024-05-25,15,4.7
2024-05-26,1,4.3
2024-05-26,2,4.6
2024-05-26,3,4.4
2024-05-26,4,4.3
2024-05-26,5,3.8
2024-05-26,6,4.3
2024-05-26,7,4.7
2024-05-26,8,3.6
2024-05-26,9,5.0
2024-05-26,10,3.6
2024-05-26,11,4.5
2024-05-26,12,3.5
2024-05-26,13,4.3
2024-05-26,14,4.1
2024-05-26,15,4.1
2024-05-27,1,4.4
2024-05-27,2,3.7
2024-05-27,3,3.3
2024-05-27,4,3.7
2024-05-27,5,4.8
2024-05-27,6,3.7
2024-05-27,7,4.3
2024-05-27,8,4.4
2024-05-27,9,4.3
2024-05-27,10,4.7
2024-05-27,11,4.3
2024-05-27,12,4.1
2024-05-27,13,4.2
2024-05-27,14,3.7
2024-05-27,15,4.9
2024-05-28,1,3.6
2024-05-28,2,3.1
2024-05-28,3,4.4
2024-05-28,4,4.9
2024-05-28,5,3.1
2024-05-28,6,3.3
2024-05-28,7,3.9
2024-05-28,8,2.6
2024-05-28,9,4.5
2024-05-28,10,3.9
2024-05-28,11,4.0
2024-05-28,12,3.8
2024-05-28,13,3.9
2024-05-28,14,4.6
2024-05-28,15,4.1
2024-05-29,1,4.5
2024-05-29,2,3.6
2024-05-29,3,3.6
2024-05-29,4,4.0
2024-05-29,5,4.0
2024-05-29,6,4.6
2024-05-29,7,4.3
2024-05-29,8,3.9
2024-05-29,9,4.2
2024-05-29,10,3.6
2024-05-29,11,3.5
2024-05-29,12,3.2
2024-05-29,13,5.0
2024-05-29,14,4.0
2024-05-29,15,3.9
2024-05-30,1,4.2
2024-05-30,2,4.0
2024-05-30,3,4.1
2024-05-30,4,3.9
2024-05-30,5,4.5
2024-05-30,6,4.8
2024-05-30,7,4.3
2024-05-30,8,4.9
2024-05-30,9,4.6
2024-05-30,10,3.8
2024-05-30,11,3.5
2024-05-30,12,3.0
2024-05-30,13,3.9
2024-05-30,14,4.1
2024-05-30,15,4.2
2024-05-31,1,3.8
2024-05-31,2,4.4
2024-05-31,3,4.9
2024-05-31,4,4.3
2024-05-31,5,3.6
2024-05-31,6,4.8
2024-05-31,7,3.3
2024-05-31,8,4.1
2024-05-31,9,3.1
2024-05-31,10,3.6
2024-05-31,11,4.3
2024-05-31,12,3.6
2024-05-31,13,4.0
2024-05-31,14,3.5
2024-05-31,15,4.4
2024-06-01,1,3.5
2024-06-01,2,3.8
2024-06-01,3,2.6
2024-06-01,4,3.9
2024-06-01,5,4.2
2024-06-01,6,4.2
2024-06-01,7,4.2
2024-06-01,8,3.5
2024-06-01,9,4.6
2024-06-01,10,4.2
2024-06-01,11,3.7
2024-06-01,12,4.3
2024-06-01,13,4.4
2024-06-01,14,3.0
2024-06-01,15,4.0
2024-06-02,1,4.6
2024-06-02,2,3.5
2024-06-02,3,4.8
2024-06-02,4,3.9
2024-06-02,5,3.6
2024-06-02,6,3.8
2024-06-02,7,3.5
2024-06-02,8,3.5
2024-06-02,9,3.6
2024-06-02,10,3.5
2024-06-02,11,4.3
2024-06-02,12,3.9
2024-06-02,13,4.0
2024-06-02,14,3.9
2024-06-02,15,4.1
2024-06-03,1,4.0
2024-06-03,2,3.3
2024-06-03,3,4.4
2024-06-03,4,4.1
2024-06-03,5,3.9
2024-06-03,6,3.8
2024-06-03,7,3.6
2024-06-03,8,3.3
2024-06-03,9,3.5
2024-06-03,10,3.5
2024-06-03,11,4.8
2024-06-03,12,3.9
2024-06-03,13,3.4
2024-06-03,14,4.7
2024-06-03,15,4.4
2024-06-04,1,4.1
2024-06-04,2,4.0
2024-06-04,3,3.1
2024-06-04,4,4.1
2024-06-04,5,4.2
2024-06-04,6,4.2
2024-06-04,7,3.7
2024-06-04,8,4.3
2024-06-04,9,4.4
2024-06-04,10,3.5
2024-06-04,11,4.1
2024-06-04,12,3.6
2024-06-04,13,4.0
2024-06-04,14,2.7
2024-06-04,15,4.3
2024-06-05,1,3.4
2024-06-05,2,4.4
2024-06-05,3,4.3
2024-06-05,4,5.0
2024-06-05,5,2.8
2024-06-05,6,4.1
2024-06-05,7,3.7
2024-06-05,8,4.0
2024-06-05,9,3.6
2024-06-05,10,3.1
2024-06-05,11,5.0
2024-06-05,12,4.1
2024-06-05,13,3.4
2024-06-05,14,3.8
2024-06-05,15,3.8
2024-06-06,1,4.5
2024-06-06,2,4.0
2024-06-06,3,4.1
2024-06-06,4,4.1
2024-06-06,5,3.9
2024-06-06,6,4.6
2024-06-06,7,4.0
2024-06-06,8,4.4
2024-06-06,9,4.2
2024-06-06,10,4.7
2024-06-06,11,4.0
2024-06-06,12,4.1
2024-06-06,13,4.0
2024-06-06,14,4.2
2024-06-06,15,3.5
2024-06-07,1,4.0
2024-06-07,2,3.3
2024-06-07,3,3.9
2024-06-07,4,3.8
2024-06-07,5,4.2
2024-06-07,6,4.3
2024-06-07,7,3.4
2024-06-07,8,3.8
2024-06-07,9,4.8
2024-06-07,10,3.7
2024-06-07,11,4.1
2024-06-07,12,4.2
2024-06-07,13,2.9
2024-06-07,14,3.7
2024-06-07,15,3.8
2024-06-08,1,4.4
2024-06-08,2,4.6
2024-06-08,3,3.6
2024-06-08,4,3.2
2024-06-08,5,4.9
2024-06-08,6,5.0
2024-06-08,7,3.3
2024-06-08,8,3.1
2024-06-08,9,3.7
2024-06-08,10,4.0
2024-06-08,11,4.5
2024-06-08,12,3.8
2024-06-08,13,3.8
2024-06-08,14,3.9
2024-06-08,15,3.6
2024-06-09,1,3.0
2024-06-09,2,4.1
2024-06-09,3,3.6
2024-06-09,4,4.9
2024-06-09,5,3.1
2024-06-09,6,4.2
2024-06-09,7,4.1
2024-06-09,8,3.8
2024-06-09,9,3.9
2024-06-09,10,4.9
2024-06-09,11,3.8
2024-06-09,12,4.4
2024-06-09,13,4.3
2024-06-09,14,4.8
2024-06-09,15,3.3
2024-06-10,1,3.8
2024-06-10,2,3.5
2024-06-10,3,4.2
2024-06-10,4,3.6
2024-06-10,5,4.4
2024-06-10,6,4.0
2024-06-10,7,3.6
2024-06-10,8,3.4
2024-06-10,9,4.3
2024-06-10,10,4.8
2024-06-10,11,3.8
2024-06-10,12,4.2
2024-06-10,13,3.4
2024-06-10,14,3.0
2024-06-10,15,3.4
2024-06-11,1,4.3
2024-06-11,2,3.0
2024-06-11,3,4.4
2024-06-11,4,3.3
2024-06-11,5,3.8
2024-06-11,6,4.7
2024-06-11,7,3.8
2024-06-11,8,3.4
2024-06-11,9,3.4
2024-06-11,10,4.7
2024-06-11,11,4.4
2024-06-11,12,4.2
2024-06-11,13,4.3
2024-06-11,14,4.4
2024-06-11,15,4.1
2024-06-12,1,3.4
2024-06-12,2,3.6
2024-06-12,3,3.6
2024-06-12,4,3.1
2024-06-12,5,3.5
2024-06-12,6,3.5
2024-06-12,7,4.9
2024-06-12,8,3.8
2024-06-12,9,3.9
2024-06-12,10,3.9
2024-06-12,11,3.1
2024-06-12,12,4.8
2024-06-12,13,4.6
2024-06-12,14,3.8
2024-06-12,15,3.3
2024-06-13,1,3.9
2024-06-13,2,4.0
2024-06-13,3,4.2
2024-06-13,4,4.4
2024-06-13,5,4.4
2024-06-13,6,4.9
2024-06-13,7,3.2
2024-06-13,8,3.9
2024-06-13,9,3.4
2024-06-13,10,3.8
2024-06-13,11,3.7
2024-06-13,12,4.3
2024-06-13,13,4.7
2024-06-13,14,3.6
2024-06-13,15,4.0
2024-06-14,1,3.3
2024-06-14,2,4.0
2024-06-14,3,4.3
2024-06-14,4,4.3
2024-06-14,5,4.3
2024-06-14,6,3.4
2024-06-14,7,4.7
2024-06-14,8,4.0
2024-06-14,9,3.1
2024-06-14,10,4.8
2024-06-14,11,4.8
2024-06-14,12,4.6
2024-06-14,13,2.9
2024-06-14,14,4.0
2024-06-14,15,4.4
2024-06-15,1,3.7
2024-06-15,2,3.6
2024-06-15,3,4.5
2024-06-15,4,4.6
2024-06-15,5,3.4
2024-06-15,6,4.4
2024-06-15,7,4.7
2024-06-15,8,3.8
2024-06-15,9,3.6
2024-06-15,10,3.6
2024-06-15,11,4.0
2024-06-15,12,3.9
2024-06-15,13,4.0
2024-06-15,14,4.4
2024-06-15,15,4.2
2024-06-16,1,4.7
2024-06-16,2,4.7
2024-06-16,3,3.9
2024-06-16,4,4.3
2024-06-16,5,4.2
2024-06-16,6,4.8
2024-06-16,7,3.1
2024-06-16,8,4.2
2024-06-16,9,3.1
2024-06-16,10,4.2
2024-06-16,11,5.0
2024-06-16,12,3.7
2024-06-16,13,3.5
2024-06-16,14,4.5
2024-06-16,15,5.0
2024-06-17,1,3.6
2024-06-17,2,4.0
2024-06-17,3,5.0
2024-06-17,4,3.2
2024-06-17,5,2.8
2024-06-17,6,4.1
2024-06-17,7,3.6
2024-06-17,8,4.2
2024-06-17,9,4.5
2024-06-17,10,4.0
2024-06-17,11,4.9
2024-06-17,12,3.9
2024-06-17,13,4.5
2024-06-17,14,4.0
2024-06-17,15,4.0
2024-06-18,1,4.2
2024-06-18,2,3.5
2024-06-18,3,3.1
2024-06-18,4,4.6
2024-06-18,5,4.5
2024-06-18,6,4.5
2024-06-18,7,3.8
2024-06-18,8,4.1
2024-06-18,9,4.0
2024-06-18,10,3.9
2024-06-18,11,3.0
2024-06-18,12,5.0
2024-06-18,13,4.2
2024-06-18,14,4.4
2024-06-18,15,4.0
2024-06-19,1,3.8
2024-06-19,2,4.0
2024-06-19,3,4.2
2024-06-19,4,4.4
2024-06-19,5,4.0
2024-06-19,6,3.8
2024-06-19,7,3.9
2024-06-19,8,4.4
2024-06-19,9,3.6
2024-06-19,10,4.6
2024-06-19,11,4.8
2024-06-19,12,3.6
2024-06-19,13,4.3
2024-06-19,14,3.8
2024-06-19,15,3.1
2024-06-20,1,4.2
2024-06-20,2,4.3
2024-06-20,3,4.1
2024-06-20,4,4.6
2024-06-20,5,4.0
2024-06-20,6,3.9
2024-06-20,7,4.3
2024-06-20,8,4.2
2024-06-20,9,4.3
2024-06-20,10,3.7
2024-06-20,11,4.0
2024-06-20,12,4.0
2024-06-20,13,4.3
2024-06-20,14,4.3
2024-06-20,15,3.8
2024-06-21,1,3.4
2024-06-21,2,3.8
2024-06-21,3,3.7
2024-06-21,4,3.7
2024-06-21,5,4.2
2024-06-21,6,3.5
2024-06-21,7,3.9
2024-06-21,8,3.7
2024-06-21,9,3.4
2024-06-21,10,4.5
2024-06-21,11,4.6
2024-06-21,12,3.7
2024-06-21,13,4.3
2024-06-21,14,4.4
2024-06-21,15,4.2
2024-06-22,1,3.0
2024-06-22,2,3.9
2024-06-22,3,4.5
2024-06-22,4,3.3
2024-06-22,5,4.2
2024-06-22,6,3.8
2024-06-22,7,4.1
2024-06-22,8,3.1
2024-06-22,9,3.5
2024-06-22,10,3.9
2024-06-22,11,4.1
2024-06-22,12,5.0
2024-06-22,13,4.5
2024-06-22,14,3.8
2024-06-22,15,4.2
2024-06-23,1,3.8
2024-06-23,2,3.6
2024-06-23,3,3.8
2024-06-23,4,3.7
2024-06-23,5,3.3
2024-06-23,6,5.0
2024-06-23,7,3.5
2024-06-23,8,3.4
2024-06-23,9,3.8
2024-06-23,10,3.2
2024-06-23,11,4.5
2024-06-23,12,4.0
2024-06-23,13,4.6
2024-06-23,14,4.7
2024-06-23,15,3.6
2024-06-24,1,3.4
2024-06-24,2,4.1
2024-06-24,3,4.5
2024-06-24,4,4.3
2024-06-24,5,3.6
2024-06-24,6,4.2
2024-06-24,7,4.0
2024-06-24,8,3.7
2024-06-24,9,3.8
2024-06-24,10,5.0
2024-06-24,11,3.7
2024-06-24,12,4.3
2024-06-24,13,4.7
2024-06-24,14,3.4
2024-06-24,15,3.8
2024-06-25,1,3.8
2024-06-25,2,4.3
2024-06-25,3,3.7
2024-06-25,4,3.6
2024-06-25,5,3.8
2024-06-25,6,4.0
2024-06-25,7,4.3
2024-06-25,8,4.3
2024-06-25,9,4.1
2024-06-25,10,4.1
2024-06-25,11,4.0
2024-06-25,12,3.6
2024-06-25,13,3.5
2024-06-25,14,3.9
2024-06-25,15,3.8
2024-06-26,1,4.6
2024-06-26,2,3.8
2024-06-26,3,5.0
2024-06-26,4,3.2
2024-06-26,5,2.7
2024-06-26,6,3.7
2024-06-26,7,3.8
2024-06-26,8,4.2
2024-06-26,9,4.2
2024-06-26,10,3.6
2024-06-26,11,4.0
2024-06-26,12,3.5
2024-06-26,13,4.5
2024-06-26,14,3.3
2024-06-26,15,5.0
2024-06-27,1,4.2
2024-06-27,2,4.9
2024-06-27,3,4.1
2024-06-27,4,3.5
2024-06-27,5,5.0
2024-06-27,6,4.8
2024-06-27,7,4.2
2024-06-27,8,4.4
2024-06-27,9,4.6
2024-06-27,10,3.2
2024-06-27,11,3.5
2024-06-27,12,4.3
2024-06-27,13,4.0
2024-06-27,14,3.8
2024-06-27,15,4.4
2024-06-28,1,4.2
2024-06-28,2,4.9
2024-06-28,3,4.8
2024-06-28,4,4.4
2024-06-28,5,4.0
2024-06-28,6,4.0
2024-06-28,7,4.6
2024-06-28,8,4.6
2024-06-28,9,4.7
2024-06-28,10,3.6
2024-06-28,11,3.6
2024-06-28,12,4.1
2024-06-28,13,4.1
2024-06-28,14,4.4
2024-06-28,15,4.3
2024-06-29,1,4.0
2024-06-29,2,3.1
2024-06-29,3,3.1
2024-06-29,4,3.6
2024-06-29,5,3.9
2024-06-29,6,4.8
2024-06-29,7,3.9
2024-06-29,8,4.4
2024-06-29,9,4.5
2024-06-29,10,3.9
2024-06-29,11,4.0
2024-06-29,12,3.8
2024-06-29,13,3.8
2024-06-29,14,3.2
2024-06-29,15,4.5
2024-06-30,1,4.8
2024-06-30,2,3.4
2024-06-30,3,3.4
2024-06-30,4,4.7
2024-06-30,5,3.6
2024-06-30,6,3.4
2024-06-30,7,3.9
2024-06-30,8,3.9
2024-06-30,9,4.3
2024-06-30,10,4.3
2024-06-30,11,2.5
2024-06-30,12,3.5
2024-06-30,13,4.5
2024-06-30,14,3.6
2024-06-30,15,4.3
2024-07-01,1,4.1
2024-07-01,2,3.3
2024-07-01,3,3.6
2024-07-01,4,3.8
2024-07-01,5,3.6
2024-07-01,6,4.2
2024-07-01,7,4.2
2024-07-01,8,3.7
2024-07-01,9,4.1
2024-07-01,10,3.1
2024-07-01,11,3.7
2024-07-01,12,3.8
2024-07-01,13,4.6
2024-07-01,14,4.1
2024-07-01,15,4.4
2024-07-02,1,3.3
2024-07-02,2,3.9
2024-07-02,3,3.5
2024-07-02,4,4.2
2024-07-02,5,3.7
2024-07-02,6,4.2
2024-07-02,7,3.7
2024-07-02,8,4.1
2024-07-02,9,3.5
2024-07-02,10,3.8
2024-07-02,11,3.8
2024-07-02,12,4.3
2024-07-02,13,4.0
2024-07-02,14,3.9
2024-07-02,15,3.6
2024-07-03,1,3.9
2024-07-03,2,3.8
2024-07-03,3,4.0
2024-07-03,4,3.1
2024-07-03,5,3.7
2024-07-03,6,4.6
2024-07-03,7,3.0
2024-07-03,8,3.6
2024-07-03,9,4.3
2024-07-03,10,4.3
2024-07-03,11,4.0
2024-07-03,12,4.1
2024-07-03,13,4.0
2024-07-03,14,4.2
2024-07-03,15,4.2
2024-07-04,1,4.0
2024-07-04,2,3.9
2024-07-04,3,4.3
2024-07-04,4,4.6
2024-07-04,5,4.1
2024-07-04,6,3.5
2024-07-04,7,3.7
2024-07-04,8,4.1
2024-07-04,9,4.5
2024-07-04,10,3.4
2024-07-04,11,4.1
2024-07-04,12,3.7
2024-07-04,13,4.0
2024-07-04,14,3.7
2024-07-04,15,3.9
2024-07-05,1,3.5
2024-07-05,2,4.9
2024-07-05,3,4.1
2024-07-05,4,3.9
2024-07-05,5,3.8
2024-07-05,6,5.0
2024-07-05,7,4.2
2024-07-05,8,4.7
2024-07-05,9,4.0
2024-07-05,10,3.9
2024-07-05,11,3.5
2024-07-05,12,4.1
2024-07-05,13,4.3
2024-07-05,14,3.3
2024-07-05,15,4.1
2024-07-06,1,4.2
2024-07-06,2,3.3
2024-07-06,3,4.0
2024-07-06,4,4.3
2024-07-06,5,3.7
2024-07-06,6,4.6
2024-07-06,7,4.5
2024-07-06,8,3.0
2024-07-06,9,4.1
2024-07-06,10,3.8
2024-07-06,11,4.9
2024-07-06,12,3.5
2024-07-06,13,4.0
2024-07-06,14,3.6
2024-07-06,15,4.1
2024-07-07,1,3.6
2024-07-07,2,3.7
2024-07-07,3,5.0
2024-07-07,4,3.6
2024-07-07,5,5.0
2024-07-07,6,3.8
2024-07-07,7,3.6
2024-07-07,8,3.0
2024-07-07,9,5.0
2024-07-07,10,4.3
2024-07-07,11,3.8
2024-07-07,12,3.5
2024-07-07,13,4.4
2024-07-07,14,5.0
2024-07-07,15,3.9
2024-07-08,1,4.0
2024-07-08,2,4.3
2024-07-08,3,3.6
2024-07-08,4,4.7
2024-07-08,5,5.0
2024-07-08,6,4.3
2024-07-08,7,4.0
2024-07-08,8,4.0
2024-07-08,9,3.7
2024-07-08,10,4.0
2024-07-08,11,3.7
2024-07-08,12,3.7
2024-07-08,13,4.3
2024-07-08,14,3.7
2024-07-08,15,3.8
2024-07-09,1,4.4
2024-07-09,2,3.8
2024-07-09,3,3.7
2024-07-09,4,3.6
2024-07-09,5,4.0
2024-07-09,6,3.7
2024-07-09,7,3.6
2024-07-09,8,3.7
2024-07-09,9,4.8
2024-07-09,10,4.0
2024-07-09,11,3.7
2024-07-09,12,3.5
2024-07-09,13,4.5
2024-07-09,14,4.1
2024-07-09,15,4.2
2024-07-10,1,4.4
2024-07-10,2,3.7
2024-07-10,3,4.2
2024-07-10,4,3.4
2024-07-10,5,4.6
2024-07-10,6,3.7
2024-07-10,7,4.2
2024-07-10,8,3.1
2024-07-10,9,4.5
2024-07-10,10,3.5
2024-07-10,11,3.9
2024-07-10,12,4.5
2024-07-10,13,4.4
2024-07-10,14,4.0
2024-07-10,15,3.4
2024-07-11,1,3.7
2024-07-11,2,4.3
2024-07-11,3,3.6
2024-07-11,4,4.5
2024-07-11,5,3.8
2024-07-11,6,4.6
2024-07-11,7,3.6
2024-07-11,8,3.7
2024-07-11,9,4.9
2024-07-11,10,3.5
2024-07-11,11,4.0
2024-07-11,12,3.9
2024-07-11,13,3.3
2024-07-11,14,3.8
2024-07-11,15,4.4
2024-07-12,1,3.4
2024-07-12,2,3.7
2024-07-12,3,3.8
2024-07-12,4,4.0
2024-07-12,5,2.9
2024-07-12,6,3.7
2024-07-12,7,4.2
2024-07-12,8,4.7
2024-07-12,9,4.8
2024-07-12,10,4.2
2024-07-12,11,3.8
2024-07-12,12,4.1
2024-07-12,13,3.8
2024-07-12,14,4.2
2024-07-12,15,3.4
2024-07-13,1,3.9
2024-07-13,2,4.5
2024-07-13,3,4.3
2024-07-13,4,4.0
2024-07-13,5,4.0
2024-07-13,6,3.6
2024-07-13,7,3.9
2024-07-13,8,2.7
2024-07-13,9,3.8
2024-07-13,10,3.9
2024-07-13,11,3.8
2024-07-13,12,3.7
2024-07-13,13,3.6
2024-07-13,14,3.3
2024-07-13,15,4.1
2024-07-14,1,4.5
2024-07-14,2,3.5
2024-07-14,3,3.2
2024-07-14,4,4.5
2024-07-14,5,3.6
2024-07-14,6,2.8
2024-07-14,7,3.2
2024-07-14,8,3.8
2024-07-14,9,4.5
2024-07-14,10,4.0
2024-07-14,11,3.7
2024-07-14,12,3.6
2024-07-14,13,3.4
2024-07-14,14,4.4
2024-07-14,15,3.9
2024-07-15,1,4.9
2024-07-15,2,4.7
2024-07-15,3,4.9
2024-07-15,4,4.0
2024-07-15,5,4.5
2024-07-15,6,3.8
2024-07-15,7,4.5
2024-07-15,8,4.0
2024-07-15,9,4.2
2024-07-15,10,3.1
2024-07-15,11,4.7
2024-07-15,12,3.2
2024-07-15,13,3.8
2024-07-15,14,4.0
2024-07-15,15,3.5
2024-07-16,1,2.9
2024-07-16,2,4.2
2024-07-16,3,4.3
2024-07-16,4,4.2
2024-07-16,5,3.3
2024-07-16,6,4.4
2024-07-16,7,3.9
2024-07-16,8,4.2
2024-07-16,9,3.5
2024-07-16,10,4.0
2024-07-16,11,3.1
2024-07-16,12,3.7
2024-07-16,13,3.1
2024-07-16,14,3.9
2024-07-16,15,4.0
2024-07-17,1,4.5
2024-07-17,2,4.2
2024-07-17,3,3.3
2024-07-17,4,5.0
2024-07-17,5,4.0
2024-07-17,6,3.8
2024-07-17,7,3.6
2024-07-17,8,4.2
2024-07-17,9,4.0
2024-07-17,10,4.8
2024-07-17,11,3.7
2024-07-17,12,4.2
2024-07-17,13,3.9
2024-07-17,14,3.3
2024-07-17,15,4.1
2024-07-18,1,4.0
2024-07-18,2,4.0
2024-07-18,3,4.2
2024-07-18,4,4.4
2024-07-18,5,3.5
2024-07-18,6,3.7
2024-07-18,7,3.6
2024-07-18,8,4.3
2024-07-18,9,4.0
2024-07-18,10,4.2
2024-07-18,11,4.3
2024-07-18,12,4.6
2024-07-18,13,4.0
2024-07-18,14,4.4
2024-07-18,15,4.4
2024-07-19,1,4.2
2024-07-19,2,3.7
2024-07-19,3,4.4
2024-07-19,4,4.2
2024-07-19,5,4.1
2024-07-19,6,3.4
2024-07-19,7,3.3
2024-07-19,8,3.5
2024-07-19,9,4.1
2024-07-19,10,4.7
2024-07-19,11,3.8
2024-07-19,12,4.3
2024-07-19,13,4.7
2024-07-19,14,4.3
2024-07-19,15,3.0
2024-07-20,1,4.2
2024-07-20,2,4.3
2024-07-20,3,3.7
2024-07-20,4,4.6
2024-07-20,5,3.7
2024-07-20,6,4.2
2024-07-20,7,3.6
2024-07-20,8,3.5
2024-07-20,9,4.8
2024-07-20,10,4.0
2024-07-20,11,3.7
2024-07-20,12,3.7
2024-07-20,13,4.0
2024-07-20,14,3.9
2024-07-20,15,3.5
2024-07-21,1,3.7
2024-07-21,2,3.7
2024-07-21,3,3.9
2024-07-21,4,4.5
2024-07-21,5,3.8
2024-07-21,6,4.5
2024-07-21,7,3.2
2024-07-21,8,4.1
2024-07-21,9,3.2
2024-07-21,10,4.3
2024-07-21,11,3.0
2024-07-21,12,3.9
2024-07-21,13,4.8
2024-07-21,14,4.6
2024-07-21,15,4.1
2024-07-22,1,4.1
2024-07-22,2,2.9
2024-07-22,3,4.5
2024-07-22,4,4.3
2024-07-22,5,3.4
2024-07-22,6,3.7
2024-07-22,7,4.0
2024-07-22,8,4.4
2024-07-22,9,4.2
2024-07-22,10,2.8
2024-07-22,11,3.6
2024-07-22,12,4.4
2024-07-22,13,4.0
2024-07-22,14,3.5
2024-07-22,15,4.1
2024-07-23,1,4.2
2024-07-23,2,4.0
2024-07-23,3,3.9
2024-07-23,4,3.4
2024-07-23,5,3.5
2024-07-23,6,4.7
2024-07-23,7,3.6
2024-07-23,8,4.3
2024-07-23,9,3.9
2024-07-23,10,3.7
2024-07-23,11,4.2
2024-07-23,12,4.3
2024-07-23,13,2.6
2024-07-23,14,4.0
2024-07-23,15,3.4
2024-07-24,1,4.0
2024-07-24,2,4.0
2024-07-24,3,3.3
2024-07-24,4,4.1
2024-07-24,5,3.6
2024-07-24,6,4.8
2024-07-24,7,4.7
2024-07-24,8,3.7
2024-07-24,9,4.1
2024-07-24,10,3.9
2024-07-24,11,4.0
2024-07-24,12,3.6
2024-07-24,13,4.4
2024-07-24,14,3.4
2024-07-24,15,5.0
2024-07-25,1,5.0
2024-07-25,2,4.5
2024-07-25,3,4.0
2024-07-25,4,4.0
2024-07-25,5,3.7
2024-07-25,6,4.1
2024-07-25,7,3.9
2024-07-25,8,4.2
2024-07-25,9,3.3
2024-07-25,10,4.1
2024-07-25,11,4.4
2024-07-25,12,4.3
2024-07-25,13,4.4
2024-07-25,14,4.2
2024-07-25,15,4.2
2024-07-26,1,3.6
2024-07-26,2,3.8
2024-07-26,3,3.2
2024-07-26,4,4.3
2024-07-26,5,3.9
2024-07-26,6,3.4
2024-07-26,7,4.4
2024-07-26,8,4.0
2024-07-26,9,4.4
2024-07-26,10,4.6
2024-07-26,11,4.1
2024-07-26,12,3.4
2024-07-26,13,4.3
2024-07-26,14,4.9
2024-07-26,15,4.4
2024-07-27,1,4.3
2024-07-27,2,3.6
2024-07-27,3,3.9
2024-07-27,4,4.3
2024-07-27,5,4.1
2024-07-27,6,4.5
2024-07-27,7,4.5
2024-07-27,8,3.5
2024-07-27,9,3.3
2024-07-27,10,3.8
2024-07-27,11,4.0
2024-07-27,12,4.4
2024-07-27,13,3.9
2024-07-27,14,4.9
2024-07-27,15,4.1
2024-07-28,1,4.5
2024-07-28,2,4.1
2024-07-28,3,3.6
2024-07-28,4,3.6
2024-07-28,5,4.0
2024-07-28,6,4.5
2024-07-28,7,3.4
2024-07-28,8,3.7
2024-07-28,9,3.2
2024-07-28,10,4.5
2024-07-28,11,3.3
2024-07-28,12,4.4
2024-07-28,13,3.7
2024-07-28,14,3.5
2024-07-28,15,4.6
2024-07-29,1,3.9
2024-07-29,2,5.0
2024-07-29,3,3.9
2024-07-29,4,3.7
2024-07-29,5,3.9
2024-07-29,6,3.4
2024-07-29,7,4.0
2024-07-29,8,4.1
2024-07-29,9,4.2
2024-07-29,10,4.3
2024-07-29,11,4.3
2024-07-29,12,4.3
2024-07-29,13,3.5
2024-07-29,14,4.3
2024-07-29,15,4.0
2024-07-30,1,4.2
2024-07-30,2,4.2
2024-07-30,3,4.3
2024-07-30,4,4.6
2024-07-30,5,3.9
2024-07-30,6,3.6
2024-07-30,7,3.4
2024-07-30,8,4.3
2024-07-30,9,3.4
2024-07-30,10,3.6
2024-07-30,11,4.6
2024-07-30,12,4.3
2024-07-30,13,4.2
2024-07-30,14,3.5
2024-07-30,15,4.7
2024-07-31,1,3.7
2024-07-31,2,3.8
2024-07-31,3,3.5
2024-07-31,4,3.5
2024-07-31,5,4.5
2024-07-31,6,4.5
2024-07-31,7,4.8
2024-07-31,8,4.1
2024-07-31,9,3.8
2024-07-31,10,3.0
2024-07-31,11,4.0
2024-07-31,12,3.7
2024-07-31,13,3.7
2024-07-31,14,3.9
2024-07-31,15,4.1
2024-08-01,1,3.7
2024-08-01,2,3.8
2024-08-01,3,4.1
2024-08-01,4,4.2
2024-08-01,5,4.2
2024-08-01,6,3.8
2024-08-01,7,5.0
2024-08-01,8,3.1
2024-08-01,9,3.8
2024-08-01,10,3.2
2024-08-01,11,4.0
2024-08-01,12,4.1
2024-08-01,13,4.2
2024-08-01,14,4.2
2024-08-01,15,4.2
2024-08-02,1,2.4
2024-08-02,2,4.2
2024-08-02,3,4.6
2024-08-02,4,3.5
2024-08-02,5,3.2
2024-08-02,6,4.7
2024-08-02,7,5.0
2024-08-02,8,3.5
2024-08-02,9,4.0
2024-08-02,10,4.4
2024-08-02,11,4.3
2024-08-02,12,4.1
2024-08-02,13,4.2
2024-08-02,14,4.9
2024-08-02,15,3.5
2024-08-03,1,3.9
2024-08-03,2,4.3
2024-08-03,3,4.3
2024-08-03,4,4.0
2024-08-03,5,4.2
2024-08-03,6,4.6
2024-08-03,7,4.2
2024-08-03,8,3.4
2024-08-03,9,3.8
2024-08-03,10,3.9
2024-08-03,11,4.6
2024-08-03,12,4.1
2024-08-03,13,4.8
2024-08-03,14,3.7
2024-08-03,15,4.0
2024-08-04,1,3.6
2024-08-04,2,4.6
2024-08-04,3,3.2
2024-08-04,4,3.4
2024-08-04,5,4.5
2024-08-04,6,4.5
2024-08-04,7,4.3
2024-08-04,8,4.5
2024-08-04,9,3.9
2024-08-04,10,4.2
2024-08-04,11,4.3
2024-08-04,12,4.0
2024-08-04,13,4.4
2024-08-04,14,3.5
2024-08-04,15,3.8
2024-08-05,1,3.0
2024-08-05,2,4.7
2024-08-05,3,4.1
2024-08-05,4,3.4
2024-08-05,5,3.3
2024-08-05,6,4.5
2024-08-05,7,4.0
2024-08-05,8,4.0
2024-08-05,9,4.4
2024-08-05,10,3.6
2024-08-05,11,4.7
2024-08-05,12,3.8
2024-08-05,13,3.1
2024-08-05,14,4.0
2024-08-05,15,4.6
2024-08-06,1,3.4
2024-08-06,2,4.0
2024-08-06,3,3.6
2024-08-06,4,4.7
2024-08-06,5,4.1
2024-08-06,6,3.9
2024-08-06,7,3.7
2024-08-06,8,4.8
2024-08-06,9,3.1
2024-08-06,10,3.8
2024-08-06,11,4.3
2024-08-06,12,4.2
2024-08-06,13,3.2
2024-08-06,14,4.3
2024-08-06,15,3.5
2024-08-07,1,4.4
2024-08-07,2,4.4
2024-08-07,3,3.3
2024-08-07,4,3.9
2024-08-07,5,3.6
2024-08-07,6,3.7
2024-08-07,7,3.9
2024-08-07,8,3.2
2024-08-07,9,3.4
2024-08-07,10,4.1
2024-08-07,11,3.5
2024-08-07,12,4.5
2024-08-07,13,3.8
2024-08-07,14,3.7
2024-08-07,15,4.2
2024-08-08,1,3.8
2024-08-08,2,3.9
2024-08-08,3,4.6
2024-08-08,4,3.2
2024-08-08,5,4.0
2024-08-08,6,4.2
2024-08-08,7,3.8
2024-08-08,8,3.4
2024-08-08,9,3.9
2024-08-08,10,4.0
2024-08-08,11,3.9
2024-08-08,12,3.8
2024-08-08,13,3.4
2024-08-08,14,3.5
2024-08-08,15,3.3
2024-08-09,1,4.1
2024-08-09,2,3.7
2024-08-09,3,4.0
2024-08-09,4,4.8
2024-08-09,5,4.0
2024-08-09,6,4.7
2024-08-09,7,3.5
2024-08-09,8,4.4
2024-08-09,9,3.7
2024-08-09,10,3.3
2024-08-09,11,3.5
2024-08-09,12,3.8
2024-08-09,13,4.6
2024-08-09,14,4.4
2024-08-09,15,4.2
2024-08-10,1,4.2
2024-08-10,2,3.5
2024-08-10,3,4.2
2024-08-10,4,3.4
2024-08-10,5,4.5
2024-08-10,6,4.0
2024-08-10,7,4.1
2024-08-10,8,4.2
2024-08-10,9,3.3
2024-08-10,10,4.4
2024-08-10,11,3.4
2024-08-10,12,4.0
2024-08-10,13,4.0
2024-08-10,14,3.9
2024-08-10,15,3.6
2024-08-11,1,3.5
2024-08-11,2,3.6
2024-08-11,3,3.6
2024-08-11,4,3.6
2024-08-11,5,3.9
2024-08-11,6,3.7
2024-08-11,7,4.0
2024-08-11,8,4.2
2024-08-11,9,3.8
2024-08-11,10,3.2
2024-08-11,11,4.3
2024-08-11,12,3.8
2024-08-11,13,4.7
2024-08-11,14,3.5
2024-08-11,15,4.1
2024-08-12,1,4.1
2024-08-12,2,4.1
2024-08-12,3,4.1
2024-08-12,4,4.2
2024-08-12,5,3.8
2024-08-12,6,4.2
2024-08-12,7,4.4
2024-08-12,8,4.0
2024-08-12,9,4.0
2024-08-12,10,4.4
2024-08-12,11,3.7
2024-08-12,12,4.9
2024-08-12,13,3.3
2024-08-12,14,4.1
2024-08-12,15,4.3
2024-08-13,1,3.6
2024-08-13,2,4.3
2024-08-13,3,4.6
2024-08-13,4,4.7
2024-08-13,5,3.5
2024-08-13,6,4.9
2024-08-13,7,4.1
2024-08-13,8,4.0
2024-08-13,9,3.3
2024-08-13,10,4.0
2024-08-13,11,4.1
2024-08-13,12,3.3
2024-08-13,13,3.0
2024-08-13,14,3.7
2024-08-13,15,3.7
2024-08-14,1,3.3
2024-08-14,2,4.2
2024-08-14,3,4.9
2024-08-14,4,4.4
2024-08-14,5,3.7
2024-08-14,6,4.4
2024-08-14,7,4.3
2024-08-14,8,3.4
2024-08-14,9,3.9
2024-08-14,10,4.0
2024-08-14,11,4.6
2024-08-14,12,3.8
2024-08-14,13,3.8
2024-08-14,14,4.5
2024-08-14,15,3.5
2024-08-15,1,2.9
2024-08-15,2,3.3
2024-08-15,3,4.6
2024-08-15,4,4.9
2024-08-15,5,4.0
2024-08-15,6,4.0
2024-08-15,7,4.0
2024-08-15,8,4.0
2024-08-15,9,3.6
2024-08-15,10,4.1
2024-08-15,11,3.9
2024-08-15,12,3.5
2024-08-15,13,3.9
2024-08-15,14,4.1
2024-08-15,15,4.1
2024-08-16,1,3.4
2024-08-16,2,4.4
2024-08-16,3,3.6
2024-08-16,4,4.2
2024-08-16,5,3.9
2024-08-16,6,4.7
2024-08-16,7,3.8
2024-08-16,8,4.4
2024-08-16,9,3.6
2024-08-16,10,3.4
2024-08-16,11,3.3
2024-08-16,12,4.3
2024-08-16,13,4.1
2024-08-16,14,4.0
2024-08-16,15,4.7
2024-08-17,1,3.8
2024-08-17,2,4.9
2024-08-17,3,4.6
2024-08-17,4,4.1
2024-08-17,5,4.2
2024-08-17,6,4.7
2024-08-17,7,3.8
2024-08-17,8,3.9
2024-08-17,9,4.0
2024-08-17,10,3.6
2024-08-17,11,3.1
2024-08-17,12,4.3
2024-08-17,13,4.8
2024-08-17,14,3.3
2024-08-17,15,4.4
2024-08-18,1,3.7
2024-08-18,2,4.5
2024-08-18,3,3.5
2024-08-18,4,4.4
2024-08-18,5,4.1
2024-08-18,6,5.0
2024-08-18,7,3.8
2024-08-18,8,3.6
2024-08-18,9,2.9
2024-08-18,10,4.8
2024-08-18,11,4.8
2024-08-18,12,3.7
2024-08-18,13,3.8
2024-08-18,14,3.7
2024-08-18,15,3.5
2024-08-19,1,3.4
2024-08-19,2,4.4
2024-08-19,3,3.1
2024-08-19,4,4.0
2024-08-19,5,3.7
2024-08-19,6,4.5
2024-08-19,7,4.5
2024-08-19,8,4.4
2024-08-19,9,4.1
2024-08-19,10,3.8
2024-08-19,11,3.5
2024-08-19,12,4.9
2024-08-19,13,4.4
2024-08-19,14,4.0
2024-08-19,15,4.2
2024-08-20,1,3.6
2024-08-20,2,4.2
2024-08-20,3,4.0
2024-08-20,4,3.7
2024-08-20,5,4.0
2024-08-20,6,3.6
2024-08-20,7,3.5
2024-08-20,8,3.7
2024-08-20,9,3.7
2024-08-20,10,3.2
2024-08-20,11,4.2
2024-08-20,12,5.0
2024-08-20,13,4.0
2024-08-20,14,3.6
2024-08-20,15,3.7
2024-08-21,1,3.9
2024-08-21,2,3.0
2024-08-21,3,3.3
2024-08-21,4,3.9
2024-08-21,5,4.4
2024-08-21,6,4.1
2024-08-21,7,4.4
2024-08-21,8,4.1
2024-08-21,9,3.9
2024-08-21,10,3.9
2024-08-21,11,3.9
2024-08-21,12,3.8
2024-08-21,13,4.0
2024-08-21,14,3.5
2024-08-21,15,3.3
2024-08-22,1,4.0
2024-08-22,2,3.7
2024-08-22,3,3.7
2024-08-22,4,4.1
2024-08-22,5,3.3
2024-08-22,6,3.5
2024-08-22,7,4.4
2024-08-22,8,4.0
2024-08-22,9,3.9
2024-08-22,10,4.0
2024-08-22,11,4.0
2024-08-22,12,3.9
2024-08-22,13,3.8
2024-08-22,14,3.7
2024-08-22,15,3.3
2024-08-23,1,4.4
2024-08-23,2,4.2
2024-08-23,3,3.7
2024-08-23,4,3.5
2024-08-23,5,4.3
2024-08-23,6,4.2
2024-08-23,7,4.2
2024-08-23,8,3.9
2024-08-23,9,4.1
2024-08-23,10,5.0
2024-08-23,11,3.3
2024-08-23,12,3.6
2024-08-23,13,4.6
2024-08-23,14,4.4
2024-08-23,15,3.8
2024-08-24,1,4.4
2024-08-24,2,4.7
2024-08-24,3,4.1
2024-08-24,4,5.0
2024-08-24,5,3.5
2024-08-24,6,4.1
2024-08-24,7,4.0
2024-08-24,8,3.5
2024-08-24,9,4.2
2024-08-24,10,3.6
2024-08-24,11,4.1
2024-08-24,12,4.3
2024-08-24,13,3.7
2024-08-24,14,3.6
2024-08-24,15,3.6
2024-08-25,1,3.7
2024-08-25,2,4.2
2024-08-25,3,3.6
2024-08-25,4,3.6
2024-08-25,5,4.4
2024-08-25,6,3.7
2024-08-25,7,4.2
2024-08-25,8,4.4
2024-08-25,9,3.7
2024-08-25,10,3.7
2024-08-25,11,3.5
2024-08-25,12,4.2
2024-08-25,13,4.1
2024-08-25,14,3.2
2024-08-25,15,3.8
2024-08-26,1,3.9
2024-08-26,2,3.8
2024-08-26,3,5.0
2024-08-26,4,4.4
2024-08-26,5,4.1
2024-08-26,6,4.0
2024-08-26,7,4.1
2024-08-26,8,3.7
2024-08-26,9,4.6
2024-08-26,10,3.7
2024-08-26,11,4.3
2024-08-26,12,4.4
2024-08-26,13,3.6
2024-08-26,14,4.1
2024-08-26,15,4.1
2024-08-27,1,3.5
2024-08-27,2,4.0
2024-08-27,3,4.3
2024-08-27,4,3.9
2024-08-27,5,3.5
2024-08-27,6,3.7
2024-08-27,7,4.7
2024-08-27,8,4.2
2024-08-27,9,3.9
2024-08-27,10,4.8
2024-08-27,11,4.6
2024-08-27,12,3.9
2024-08-27,13,4.0
2024-08-27,14,3.9
2024-08-27,15,4.2
2024-08-28,1,3.9
2024-08-28,2,4.5
2024-08-28,3,3.4
2024-08-28,4,4.8
2024-08-28,5,4.4
2024-08-28,6,4.3
2024-08-28,7,3.8
2024-08-28,8,4.3
2024-08-28,9,3.8
2024-08-28,10,4.6
2024-08-28,11,3.7
2024-08-28,12,4.1
2024-08-28,13,4.6
2024-08-28,14,4.2
2024-08-28,15,3.8
2024-08-29,1,3.1
2024-08-29,2,3.7
2024-08-29,3,4.4
2024-08-29,4,5.0
2024-08-29,5,3.8
2024-08-29,6,2.8
2024-08-29,7,3.6
2024-08-29,8,4.4
2024-08-29,9,4.1
2024-08-29,10,4.6
2024-08-29,11,4.8
2024-08-29,12,3.7
2024-08-29,13,4.7
2024-08-29,14,4.5
2024-08-29,15,3.6
2024-08-30,1,4.8
2024-08-30,2,4.4
2024-08-30,3,4.0
2024-08-30,4,4.7
2024-08-30,5,4.3
2024-08-30,6,4.6
2024-08-30,7,3.5
2024-08-30,8,4.6
2024-08-30,9,4.3
2024-08-30,10,4.1
2024-08-30,11,4.4
2024-08-30,12,4.9
2024-08-30,13,3.4
2024-08-30,14,3.7
2024-08-30,15,3.6
2024-08-31,1,5.0
2024-08-31,2,4.2
2024-08-31,3,5.0
2024-08-31,4,4.6
2024-08-31,5,3.9
2024-08-31,6,4.3
2024-08-31,7,4.3
2024-08-31,8,4.7
2024-08-31,9,3.4
2024-08-31,10,4.4
2024-08-31,11,4.4
2024-08-31,12,4.4
2024-08-31,13,4.7
2024-08-31,14,4.4
2024-08-31,15,3.0
2024-09-01,1,4.5
2024-09-01,2,3.7
2024-09-01,3,3.9
2024-09-01,4,3.9
2024-09-01,5,4.5
2024-09-01,6,4.4
2024-09-01,7,4.2
2024-09-01,8,4.3
2024-09-01,9,3.5
2024-09-01,10,4.4
2024-09-01,11,4.0
2024-09-01,12,4.1
2024-09-01,13,4.2
2024-09-01,14,3.5
2024-09-01,15,3.9
2024-09-02,1,4.7
2024-09-02,2,4.4
2024-09-02,3,3.8
2024-09-02,4,4.2
2024-09-02,5,4.2
2024-09-02,6,4.1
2024-09-02,7,3.3
2024-09-02,8,4.9
2024-09-02,9,3.7
2024-09-02,10,3.9
2024-09-02,11,4.2
2024-09-02,12,3.5
2024-09-02,13,3.6
2024-09-02,14,4.0
2024-09-02,15,4.8
2024-09-03,1,3.7
2024-09-03,2,2.3
2024-09-03,3,3.5
2024-09-03,4,3.6
2024-09-03,5,4.3
2024-09-03,6,4.6
2024-09-03,7,3.5
2024-09-03,8,4.5
2024-09-03,9,3.7
2024-09-03,10,3.6
2024-09-03,11,3.8
2024-09-03,12,4.4
2024-09-03,13,4.0
2024-09-03,14,3.6
2024-09-03,15,3.9
2024-09-04,1,3.0
2024-09-04,2,4.1
2024-09-04,3,4.0
2024-09-04,4,4.0
2024-09-04,5,4.8
2024-09-04,6,3.6
2024-09-04,7,4.4
2024-09-04,8,4.1
2024-09-04,9,4.6
2024-09-04,10,4.2
2024-09-04,11,4.6
2024-09-04,12,3.6
2024-09-04,13,3.8
2024-09-04,14,4.8
2024-09-04,15,3.9
2024-09-05,1,3.5
2024-09-05,2,3.5
2024-09-05,3,3.7
2024-09-05,4,4.3
2024-09-05,5,4.9
2024-09-05,6,3.3
2024-09-05,7,4.2
2024-09-05,8,3.9
2024-09-05,9,4.1
2024-09-05,10,3.0
2024-09-05,11,4.4
2024-09-05,12,4.5
2024-09-05,13,3.6
2024-09-05,14,3.3
2024-09-05,15,3.3
2024-09-06,1,4.0
2024-09-06,2,3.7
2024-09-06,3,4.5
2024-09-06,4,4.7
2024-09-06,5,3.5
2024-09-06,6,4.3
2024-09-06,7,3.8
2024-09-06,8,4.3
2024-09-06,9,4.9
2024-09-06,10,3.8
2024-09-06,11,4.3
2024-09-06,12,3.3
2024-09-06,13,4.1
2024-09-06,14,4.6
2024-09-06,15,3.5
2024-09-07,1,4.0
2024-09-07,2,3.5
2024-09-07,3,4.0
2024-09-07,4,4.6
2024-09-07,5,3.6
2024-09-07,6,3.4
2024-09-07,7,4.9
2024-09-07,8,4.6
2024-09-07,9,3.7
2024-09-07,10,4.1
2024-09-07,11,3.8
2024-09-07,12,4.4
2024-09-07,13,4.3
2024-09-07,14,4.2
2024-09-07,15,4.1
2024-09-08,1,4.2
2024-09-08,2,3.8
2024-09-08,3,4.3
2024-09-08,4,4.4
2024-09-08,5,3.6
2024-09-08,6,4.7
2024-09-08,7,3.7
2024-09-08,8,3.8
2024-09-08,9,4.8
2024-09-08,10,4.0
2024-09-08,11,4.6
2024-09-08,12,3.8
2024-09-08,13,4.0
2024-09-08,14,3.8
2024-09-08,15,3.0
2024-09-09,1,4.2
2024-09-09,2,3.8
2024-09-09,3,3.5
2024-09-09,4,3.9
2024-09-09,5,3.6
2024-09-09,6,3.8
2024-09-09,7,3.1
2024-09-09,8,5.0
2024-09-09,9,3.4
2024-09-09,10,4.6
2024-09-09,11,4.3
2024-09-09,12,3.9
2024-09-09,13,3.5
2024-09-09,14,4.1
2024-09-09,15,4.1
2024-09-10,1,4.1
2024-09-10,2,3.8
2024-09-10,3,4.1
2024-09-10,4,4.5
2024-09-10,5,3.5
2024-09-10,6,3.8
2024-09-10,7,3.2
2024-09-10,8,3.7
2024-09-10,9,3.9
2024-09-10,10,5.0
2024-09-10,11,3.6
2024-09-10,12,3.5
2024-09-10,13,3.6
2024-09-10,14,4.2
2024-09-10,15,3.6
2024-09-11,1,3.8
2024-09-11,2,3.3
2024-09-11,3,4.2
2024-09-11,4,3.4
2024-09-11,5,4.5
2024-09-11,6,4.2
2024-09-11,7,3.4
2024-09-11,8,3.8
2024-09-11,9,3.5
2024-09-11,10,3.9
2024-09-11,11,3.7
2024-09-11,12,3.2
2024-09-11,13,4.3
2024-09-11,14,4.1
2024-09-11,15,4.1
2024-09-12,1,3.7
2024-09-12,2,4.1
2024-09-12,3,3.6
2024-09-12,4,3.2
2024-09-12,5,4.7
2024-09-12,6,3.8
2024-09-12,7,3.9
2024-09-12,8,4.0
2024-09-12,9,4.6
2024-09-12,10,4.2
2024-09-12,11,4.3
2024-09-12,12,3.8
2024-09-12,13,4.0
2024-09-12,14,3.7
2024-09-12,15,3.4
2024-09-13,1,4.0
2024-09-13,2,3.2
2024-09-13,3,3.6
2024-09-13,4,3.9
2024-09-13,5,4.6
2024-09-13,6,4.1
2024-09-13,7,3.6
2024-09-13,8,3.6
2024-09-13,9,4.0
2024-09-13,10,3.6
2024-09-13,11,4.9
2024-09-13,12,3.4
2024-09-13,13,4.0
2024-09-13,14,3.8
2024-09-13,15,3.6
2024-09-14,1,3.8
2024-09-14,2,3.1
2024-09-14,3,4.2
2024-09-14,4,4.0
2024-09-14,5,3.9
2024-09-14,6,4.8
2024-09-14,7,4.1
2024-09-14,8,4.7
2024-09-14,9,4.1
2024-09-14,10,3.6
2024-09-14,11,3.6
2024-09-14,12,4.1
2024-09-14,13,3.9
2024-09-14,14,3.6
2024-09-14,15,4.2
2024-09-15,1,4.1
2024-09-15,2,4.2
2024-09-15,3,3.6
2024-09-15,4,4.5
2024-09-15,5,4.6
2024-09-15,6,4.5
2024-09-15,7,4.1
2024-09-15,8,4.6
2024-09-15,9,4.2
2024-09-15,10,3.8
2024-09-15,11,3.9
2024-09-15,12,3.3
2024-09-15,13,4.3
2024-09-15,14,3.6
2024-09-15,15,4.0
2024-09-16,1,3.2
2024-09-16,2,4.3
2024-09-16,3,5.0
2024-09-16,4,4.4
2024-09-16,5,4.1
2024-09-16,6,4.6
2024-09-16,7,3.9
2024-09-16,8,4.4
2024-09-16,9,3.0
2024-09-16,10,3.5
2024-09-16,11,3.6
2024-09-16,12,3.0
2024-09-16,13,3.6
2024-09-16,14,4.6
2024-09-16,15,3.5
2024-09-17,1,3.8
2024-09-17,2,3.8
2024-09-17,3,5.0
2024-09-17,4,4.2
2024-09-17,5,4.2
2024-09-17,6,4.0
2024-09-17,7,4.7
2024-09-17,8,4.6
2024-09-17,9,3.9
2024-09-17,10,4.4
2024-09-17,11,3.2
2024-09-17,12,5.0
2024-09-17,13,4.4
2024-09-17,14,3.8
2024-09-17,15,3.5
2024-09-18,1,3.9
2024-09-18,2,4.2
2024-09-18,3,3.7
2024-09-18,4,3.7
2024-09-18,5,4.6
2024-09-18,6,4.4
2024-09-18,7,3.3
2024-09-18,8,3.8
2024-09-18,9,3.9
2024-09-18,10,4.2
2024-09-18,11,4.8
2024-09-18,12,4.5
2024-09-18,13,5.0
2024-09-18,14,4.1
2024-09-18,15,4.5
2024-09-19,1,3.6
2024-09-19,2,3.7
2024-09-19,3,3.6
2024-09-19,4,3.5
2024-09-19,5,3.7
2024-09-19,6,3.6
2024-09-19,7,4.4
2024-09-19,8,4.0
2024-09-19,9,5.0
2024-09-19,10,4.1
2024-09-19,11,4.7
2024-09-19,12,4.5
2024-09-19,13,3.2
2024-09-19,14,4.4
2024-09-19,15,3.9
2024-09-20,1,4.3
2024-09-20,2,4.1
2024-09-20,3,4.4
2024-09-20,4,4.0
2024-09-20,5,3.9
2024-09-20,6,3.0
2024-09-20,7,5.0
2024-09-20,8,3.3
2024-09-20,9,3.8
2024-09-20,10,4.1
2024-09-20,11,4.9
2024-09-20,12,4.2
2024-09-20,13,4.7
2024-09-20,14,3.2
2024-09-20,15,4.0
2024-09-21,1,4.5
2024-09-21,2,3.7
2024-09-21,3,3.6
2024-09-21,4,3.7
2024-09-21,5,4.6
2024-09-21,6,4.3
2024-09-21,7,3.7
2024-09-21,8,3.6
2024-09-21,9,4.2
2024-09-21,10,4.7
2024-09-21,11,3.7
2024-09-21,12,3.8
2024-09-21,13,3.9
2024-09-21,14,4.2
2024-09-21,15,4.3
2024-09-22,1,3.7
2024-09-22,2,4.3
2024-09-22,3,3.6
2024-09-22,4,3.9
2024-09-22,5,3.6
2024-09-22,6,4.0
2024-09-22,7,4.3
2024-09-22,8,4.3
2024-09-22,9,4.0
2024-09-22,10,5.0
2024-09-22,11,4.1
2024-09-22,12,4.8
2024-09-22,13,4.0
2024-09-22,14,3.5
2024-09-22,15,3.8
2024-09-23,1,4.9
2024-09-23,2,3.9
2024-09-23,3,3.3
2024-09-23,4,3.9
2024-09-23,5,3.9
2024-09-23,6,4.3
2024-09-23,7,4.1
2024-09-23,8,4.2
2024-09-23,9,3.4
2024-09-23,10,3.5
2024-09-23,11,3.9
2024-09-23,12,4.4
2024-09-23,13,4.1
2024-09-23,14,3.9
2024-09-23,15,4.2
2024-09-24,1,3.6
2024-09-24,2,4.3
2024-09-24,3,4.9
2024-09-24,4,3.1
2024-09-24,5,4.5
2024-09-24,6,3.5
2024-09-24,7,3.9
2024-09-24,8,4.7
2024-09-24,9,4.1
2024-09-24,10,4.2
2024-09-24,11,3.8
2024-09-24,12,3.7
2024-09-24,13,4.4
2024-09-24,14,4.1
2024-09-24,15,4.1
2024-09-25,1,3.3
2024-09-25,2,4.5
2024-09-25,3,3.8
2024-09-25,4,4.2
2024-09-25,5,4.1
2024-09-25,6,4.2
2024-09-25,7,3.5
2024-09-25,8,3.8
2024-09-25,9,3.5
2024-09-25,10,3.9
2024-09-25,11,3.2
2024-09-25,12,4.0
2024-09-25,13,4.0
2024-09-25,14,3.9
2024-09-25,15,4.4
2024-09-26,1,3.2
2024-09-26,2,4.6
2024-09-26,3,3.4
2024-09-26,4,3.5
2024-09-26,5,4.3
2024-09-26,6,4.0
2024-09-26,7,4.0
2024-09-26,8,4.2
2024-09-26,9,3.2
2024-09-26,10,4.1
2024-09-26,11,4.0
2024-09-26,12,3.5
2024-09-26,13,4.4
2024-09-26,14,3.6
2024-09-26,15,4.7
2024-09-27,1,4.2
2024-09-27,2,4.0
2024-09-27,3,3.0
2024-09-27,4,4.1
2024-09-27,5,3.3
2024-09-27,6,4.3
2024-09-27,7,4.2
2024-09-27,8,4.2
2024-09-27,9,4.6
2024-09-27,10,3.7
2024-09-27,11,3.8
2024-09-27,12,4.6
2024-09-27,13,4.1
2024-09-27,14,4.1
2024-09-27,15,5.0
2024-09-28,1,3.6
2024-09-28,2,3.4
2024-09-28,3,4.0
2024-09-28,4,5.0
2024-09-28,5,3.2
2024-09-28,6,3.6
2024-09-28,7,5.0
2024-09-28,8,4.3
2024-09-28,9,4.4
2024-09-28,10,3.5
2024-09-28,11,2.9
2024-09-28,12,3.4
2024-09-28,13,3.9
2024-09-28,14,3.6
2024-09-28,15,4.3
2024-09-29,1,4.1
2024-09-29,2,3.7
2024-09-29,3,3.4
2024-09-29,4,3.6
2024-09-29,5,3.7
2024-09-29,6,2.7
2024-09-29,7,4.0
2024-09-29,8,3.3
2024-09-29,9,4.8
2024-09-29,10,4.6
2024-09-29,11,3.1
2024-09-29,12,4.0
2024-09-29,13,3.7
2024-09-29,14,4.4
2024-09-29,15,4.1
2024-09-30,1,4.5
2024-09-30,2,3.1
2024-09-30,3,4.1
2024-09-30,4,4.4
2024-09-30,5,3.8
2024-09-30,6,4.5
2024-09-30,7,4.1
2024-09-30,8,3.9
2024-09-30,9,4.5
2024-09-30,10,3.7
2024-09-30,11,4.6
2024-09-30,12,3.9
2024-09-30,13,4.4
2024-09-30,14,3.3
2024-09-30,15,4.5
2024-10-01,1,3.5
2024-10-01,2,4.3
2024-10-01,3,4.1
2024-10-01,4,3.6
2024-10-01,5,3.8
2024-10-01,6,3.8
2024-10-01,7,4.8
2024-10-01,8,4.5
2024-10-01,9,3.7
2024-10-01,10,4.6
2024-10-01,11,4.1
2024-10-01,12,3.6
2024-10-01,13,4.5
2024-10-01,14,3.8
2024-10-01,15,4.3
2024-10-02,1,2.7
2024-10-02,2,4.0
2024-10-02,3,4.3
2024-10-02,4,4.3
2024-10-02,5,4.4
2024-10-02,6,4.1
2024-10-02,7,3.2
2024-10-02,8,3.8
2024-10-02,9,3.7
2024-10-02,10,3.8
2024-10-02,11,4.2
2024-10-02,12,4.6
2024-10-02,13,3.8
2024-10-02,14,4.3
2024-10-02,15,4.5
2024-10-03,1,3.9
2024-10-03,2,3.1
2024-10-03,3,4.3
2024-10-03,4,4.0
2024-10-03,5,3.3
2024-10-03,6,4.6
2024-10-03,7,4.5
2024-10-03,8,4.0
2024-10-03,9,4.4
2024-10-03,10,4.8
2024-10-03,11,4.3
2024-10-03,12,5.0
2024-10-03,13,4.5
2024-10-03,14,3.9
2024-10-03,15,4.3
2024-10-04,1,4.2
2024-10-04,2,4.5
2024-10-04,3,3.8
2024-10-04,4,2.9
2024-10-04,5,4.4
2024-10-04,6,4.1
2024-10-04,7,4.4
2024-10-04,8,3.6
2024-10-04,9,4.4
2024-10-04,10,3.7
2024-10-04,11,3.9
2024-10-04,12,4.2
2024-10-04,13,3.6
2024-10-04,14,3.8
2024-10-04,15,3.3
2024-10-05,1,4.7
2024-10-05,2,3.8
2024-10-05,3,4.9
2024-10-05,4,4.3
2024-10-05,5,4.1
2024-10-05,6,3.5
2024-10-05,7,4.3
2024-10-05,8,5.0
2024-10-05,9,4.1
2024-10-05,10,3.8
2024-10-05,11,5.0
2024-10-05,12,5.0
2024-10-05,13,3.8
2024-10-05,14,4.3
2024-10-05,15,4.9
2024-10-06,1,4.0
2024-10-06,2,4.2
2024-10-06,3,4.2
2024-10-06,4,3.8
2024-10-06,5,3.2
2024-10-06,6,4.1
2024-10-06,7,4.4
2024-10-06,8,4.1
2024-10-06,9,4.0
2024-10-06,10,4.5
2024-10-06,11,4.1
2024-10-06,12,4.8
2024-10-06,13,3.4
2024-10-06,14,4.9
2024-10-06,15,4.2
2024-10-07,1,4.5
2024-10-07,2,3.6
2024-10-07,3,4.4
2024-10-07,4,3.9
2024-10-07,5,2.9
2024-10-07,6,4.4
2024-10-07,7,4.2
2024-10-07,8,4.6
2024-10-07,9,4.3
2024-10-07,10,4.5
2024-10-07,11,5.0
2024-10-07,12,3.8
2024-10-07,13,4.4
2024-10-07,14,4.5
2024-10-07,15,3.5
2024-10-08,1,3.2
2024-10-08,2,3.9
2024-10-08,3,4.1
2024-10-08,4,3.8
2024-10-08,5,4.2
2024-10-08,6,3.2
2024-10-08,7,3.5
2024-10-08,8,4.3
2024-10-08,9,4.1
2024-10-08,10,3.6
2024-10-08,11,4.2
2024-10-08,12,4.4
2024-10-08,13,4.2
2024-10-08,14,4.7
2024-10-08,15,3.6
2024-10-09,1,3.6
2024-10-09,2,4.1
2024-10-09,3,4.6
2024-10-09,4,3.4
2024-10-09,5,4.0
2024-10-09,6,3.8
2024-10-09,7,4.7
2024-10-09,8,4.1
2024-10-09,9,3.9
2024-10-09,10,3.7
2024-10-09,11,3.8
2024-10-09,12,4.0
2024-10-09,13,3.7
2024-10-09,14,3.8
2024-10-09,15,4.7
2024-10-10,1,4.4
2024-10-10,2,3.6
2024-10-10,3,4.6
2024-10-10,4,3.8
2024-10-10,5,4.9
2024-10-10,6,3.6
2024-10-10,7,4.9
2024-10-10,8,3.3
2024-10-10,9,3.9
2024-10-10,10,3.2
2024-10-10,11,3.3
2024-10-10,12,3.8
2024-10-10,13,3.5
2024-10-10,14,3.8
2024-10-10,15,4.7
2024-10-11,1,4.2
2024-10-11,2,4.2
2024-10-11,3,3.1
2024-10-11,4,4.5
2024-10-11,5,3.8
2024-10-11,6,3.6
2024-10-11,7,4.2
2024-10-11,8,3.7
2024-10-11,9,3.6
2024-10-11,10,3.4
2024-10-11,11,4.5
2024-10-11,12,3.2
2024-10-11,13,3.5
2024-10-11,14,3.8
2024-10-11,15,4.1
2024-10-12,1,5.0
2024-10-12,2,3.6
2024-10-12,3,4.4
2024-10-12,4,3.8
2024-10-12,5,4.5
2024-10-12,6,4.1
2024-10-12,7,5.0
2024-10-12,8,3.7
2024-10-12,9,3.2
2024-10-12,10,3.9
2024-10-12,11,3.8
2024-10-12,12,4.5
2024-10-12,13,3.8
2024-10-12,14,3.9
2024-10-12,15,3.6
2024-10-13,1,4.3
2024-10-13,2,4.0
2024-10-13,3,4.1
2024-10-13,4,4.0
2024-10-13,5,4.9
2024-10-13,6,4.0
2024-10-13,7,4.1
2024-10-13,8,3.7
2024-10-13,9,4.0
2024-10-13,10,3.5
2024-10-13,11,3.4
2024-10-13,12,3.4
2024-10-13,13,4.1
2024-10-13,14,3.7
2024-10-13,15,2.9
2024-10-14,1,4.5
2024-10-14,2,3.8
2024-10-14,3,5.0
2024-10-14,4,4.2
2024-10-14,5,4.3
2024-10-14,6,3.8
2024-10-14,7,3.5
2024-10-14,8,3.7
2024-10-14,9,4.8
2024-10-14,10,4.4
2024-10-14,11,4.2
2024-10-14,12,4.2
2024-10-14,13,4.9
2024-10-14,14,4.2
2024-10-14,15,4.1
2024-10-15,1,4.5
2024-10-15,2,3.9
2024-10-15,3,3.8
2024-10-15,4,4.6
2024-10-15,5,4.2
2024-10-15,6,3.8
2024-10-15,7,3.7
2024-10-15,8,3.5
2024-10-15,9,3.3
2024-10-15,10,4.4
2024-10-15,11,4.2
2024-10-15,12,4.0
2024-10-15,13,4.5
2024-10-15,14,3.7
2024-10-15,15,4.2
2024-10-16,1,3.7
2024-10-16,2,3.4
2024-10-16,3,3.8
2024-10-16,4,4.1
2024-10-16,5,4.5
2024-10-16,6,3.3
2024-10-16,7,3.1
2024-10-16,8,4.0
2024-10-16,9,3.6
2024-10-16,10,4.4
2024-10-16,11,4.3
2024-10-16,12,4.2
2024-10-16,13,4.1
2024-10-16,14,3.9
2024-10-16,15,4.6
2024-10-17,1,3.5
2024-10-17,2,3.9
2024-10-17,3,3.5
2024-10-17,4,3.6
2024-10-17,5,3.2
2024-10-17,6,4.5
2024-10-17,7,2.9
2024-10-17,8,4.3
2024-10-17,9,3.9
2024-10-17,10,4.5
2024-10-17,11,3.7
2024-10-17,12,4.0
2024-10-17,13,3.8
2024-10-17,14,3.0
2024-10-17,15,4.3
2024-10-18,1,4.1
2024-10-18,2,3.8
2024-10-18,3,3.7
2024-10-18,4,5.0
2024-10-18,5,4.4
2024-10-18,6,5.0
2024-10-18,7,3.6
2024-10-18,8,4.2
2024-10-18,9,4.3
2024-10-18,10,4.4
2024-10-18,11,5.0
2024-10-18,12,3.7
2024-10-18,13,3.6
2024-10-18,14,3.9
2024-10-18,15,4.0
2024-10-19,1,3.4
2024-10-19,2,3.4
2024-10-19,3,3.8
2024-10-19,4,4.4
2024-10-19,5,4.8
2024-10-19,6,4.2
2024-10-19,7,2.8
2024-10-19,8,4.7
2024-10-19,9,4.6
2024-10-19,10,4.0
2024-10-19,11,3.3
2024-10-19,12,4.1
2024-10-19,13,4.0
2024-10-19,14,3.3
2024-10-19,15,4.3
2024-10-20,1,3.7
2024-10-20,2,4.8
2024-10-20,3,3.8
2024-10-20,4,4.1
2024-10-20,5,3.6
2024-10-20,6,4.7
2024-10-20,7,4.1
2024-10-20,8,4.0
2024-10-20,9,4.3
2024-10-20,10,3.8
2024-10-20,11,4.2
2024-10-20,12,4.2
2024-10-20,13,4.5
2024-10-20,14,4.0
2024-10-20,15,3.4
2024-10-21,1,4.6
2024-10-21,2,4.8
2024-10-21,3,4.0
2024-10-21,4,3.9
2024-10-21,5,4.1
2024-10-21,6,4.4
2024-10-21,7,4.8
2024-10-21,8,4.2
2024-10-21,9,4.8
2024-10-21,10,4.1
2024-10-21,11,3.0
2024-10-21,12,3.4
2024-10-21,13,4.3
2024-10-21,14,4.8
2024-10-21,15,3.6
2024-10-22,1,3.5
2024-10-22,2,3.4
2024-10-22,3,4.8
2024-10-22,4,4.9
2024-10-22,5,3.6
2024-10-22,6,3.4
2024-10-22,7,4.2
2024-10-22,8,3.8
2024-10-22,9,4.4
2024-10-22,10,4.3
2024-10-22,11,4.1
2024-10-22,12,3.8
2024-10-22,13,2.6
2024-10-22,14,3.4
2024-10-22,15,4.6
2024-10-23,1,4.5
2024-10-23,2,3.1
2024-10-23,3,3.4
2024-10-23,4,3.4
2024-10-23,5,3.4
2024-10-23,6,4.5
2024-10-23,7,3.3
2024-10-23,8,4.4
2024-10-23,9,5.0
2024-10-23,10,4.3
2024-10-23,11,4.2
2024-10-23,12,3.4
2024-10-23,13,3.8
2024-10-23,14,4.2
2024-10-23,15,4.5
2024-10-24,1,3.7
2024-10-24,2,3.4
2024-10-24,3,4.3
2024-10-24,4,4.2
2024-10-24,5,3.9
2024-10-24,6,3.6
2024-10-24,7,3.9
2024-10-24,8,3.5
2024-10-24,9,4.8
2024-10-24,10,3.7
2024-10-24,11,4.2
2024-10-24,12,3.6
2024-10-24,13,3.2
2024-10-24,14,3.4
2024-10-24,15,4.2
2024-10-25,1,4.6
2024-10-25,2,3.6
2024-10-25,3,3.8
2024-10-25,4,3.4
2024-10-25,5,3.4
2024-10-25,6,3.8
2024-10-25,7,4.0
2024-10-25,8,4.5
2024-10-25,9,4.7
2024-10-25,10,3.7
2024-10-25,11,3.8
2024-10-25,12,4.3
2024-10-25,13,4.1
2024-10-25,14,3.5
2024-10-25,15,4.9
2024-10-26,1,4.4
2024-10-26,2,4.4
2024-10-26,3,3.8
2024-10-26,4,4.8
2024-10-26,5,4.1
2024-10-26,6,3.6
2024-10-26,7,3.8
2024-10-26,8,4.0
2024-10-26,9,4.6
2024-10-26,10,4.3
2024-10-26,11,4.2
2024-10-26,12,3.5
2024-10-26,13,3.5
2024-10-26,14,3.9
2024-10-26,15,3.6
2024-10-27,1,3.7
2024-10-27,2,4.3
2024-10-27,3,3.5
2024-10-27,4,4.8
2024-10-27,5,3.9
2024-10-27,6,3.8
2024-10-27,7,4.8
2024-10-27,8,4.1
2024-10-27,9,3.5
2024-10-27,10,3.4
2024-10-27,11,3.6
2024-10-27,12,4.7
2024-10-27,13,3.3
2024-10-27,14,4.5
2024-10-27,15,4.2
2024-10-28,1,4.0
2024-10-28,2,4.6
2024-10-28,3,4.1
2024-10-28,4,4.3
2024-10-28,5,4.2
2024-10-28,6,4.2
2024-10-28,7,4.7
2024-10-28,8,2.8
2024-10-28,9,4.6
2024-10-28,10,4.2
2024-10-28,11,3.5
2024-10-28,12,3.5
2024-10-28,13,3.7
2024-10-28,14,3.7
2024-10-28,15,3.3
2024-10-29,1,3.4
2024-10-29,2,4.3
2024-10-29,3,3.7
2024-10-29,4,3.8
2024-10-29,5,3.5
2024-10-29,6,4.5
2024-10-29,7,3.0
2024-10-29,8,4.0
2024-10-29,9,4.0
2024-10-29,10,4.1
2024-10-29,11,4.1
2024-10-29,12,4.0
2024-10-29,13,3.9
2024-10-29,14,3.7
2024-10-29,15,3.5
2024-10-30,1,2.9
2024-10-30,2,3.9
2024-10-30,3,4.2
2024-10-30,4,3.5
2024-10-30,5,3.4
2024-10-30,6,3.7
2024-10-30,7,3.7
2024-10-30,8,3.6
2024-10-30,9,3.8
2024-10-30,10,4.3
2024-10-30,11,4.0
2024-10-30,12,2.5
2024-10-30,13,3.9
2024-10-30,14,3.7
2024-10-30,15,3.7
2024-10-31,1,3.6
2024-10-31,2,4.1
2024-10-31,3,4.2
2024-10-31,4,3.4
2024-10-31,5,4.3
2024-10-31,6,3.6
2024-10-31,7,3.7
2024-10-31,8,3.8
2024-10-31,9,3.7
2024-10-31,10,4.4
2024-10-31,11,3.5
2024-10-31,12,3.2
2024-10-31,13,4.0
2024-10-31,14,3.6
2024-10-31,15,4.0
2024-11-01,1,5.0
2024-11-01,2,4.2
2024-11-01,3,4.1
2024-11-01,4,4.4
2024-11-01,5,3.8
2024-11-01,6,4.9
2024-11-01,7,4.2
2024-11-01,8,3.7
2024-11-01,9,4.4
2024-11-01,10,3.8
2024-11-01,11,3.9
2024-11-01,12,4.6
2024-11-01,13,3.8
2024-11-01,14,3.5
2024-11-01,15,4.1
2024-11-02,1,3.9
2024-11-02,2,3.2
2024-11-02,3,3.4
2024-11-02,4,3.9
2024-11-02,5,3.5
2024-11-02,6,4.9
2024-11-02,7,4.5
2024-11-02,8,4.2
2024-11-02,9,3.9
2024-11-02,10,3.4
2024-11-02,11,4.2
2024-11-02,12,4.4
2024-11-02,13,4.5
2024-11-02,14,3.6
2024-11-02,15,4.2
2024-11-03,1,4.0
2024-11-03,2,3.6
2024-11-03,3,3.7
2024-11-03,4,4.0
2024-11-03,5,4.5
2024-11-03,6,3.8
2024-11-03,7,3.9
2024-11-03,8,4.2
2024-11-03,9,4.1
2024-11-03,10,4.0
2024-11-03,11,5.0
2024-11-03,12,4.5
2024-11-03,13,4.2
2024-11-03,14,3.5
2024-11-03,15,4.7
2024-11-04,1,4.0
2024-11-04,2,3.4
2024-11-04,3,3.3
2024-11-04,4,4.0
2024-11-04,5,4.3
2024-11-04,6,3.8
2024-11-04,7,3.9
2024-11-04,8,3.7
2024-11-04,9,3.9
2024-11-04,10,4.0
2024-11-04,11,3.4
2024-11-04,12,3.9
2024-11-04,13,3.8
2024-11-04,14,3.4
2024-11-04,15,3.9
2024-11-05,1,4.4
2024-11-05,2,4.4
2024-11-05,3,3.9
2024-11-05,4,3.9
2024-11-05,5,3.3
2024-11-05,6,3.3
2024-11-05,7,3.7
2024-11-05,8,4.9
2024-11-05,9,3.9
2024-11-05,10,3.8
2024-11-05,11,3.5
2024-11-05,12,3.6
2024-11-05,13,4.6
2024-11-05,14,4.1
2024-11-05,15,3.4
2024-11-06,1,4.1
2024-11-06,2,3.2
2024-11-06,3,4.6
2024-11-06,4,2.9
2024-11-06,5,3.9
2024-11-06,6,4.0
2024-11-06,7,4.4
2024-11-06,8,4.8
2024-11-06,9,3.2
2024-11-06,10,4.3
2024-11-06,11,3.9
2024-11-06,12,4.2
2024-11-06,13,4.6
2024-11-06,14,4.2
2024-11-06,15,4.3
2024-11-07,1,3.5
2024-11-07,2,4.0
2024-11-07,3,3.1
2024-11-07,4,4.7
2024-11-07,5,3.1
2024-11-07,6,4.2
2024-11-07,7,3.9
2024-11-07,8,4.1
2024-11-07,9,3.0
2024-11-07,10,3.3
2024-11-07,11,3.7
2024-11-07,12,5.0
2024-11-07,13,4.1
2024-11-07,14,4.8
2024-11-07,15,4.0
2024-11-08,1,3.6
2024-11-08,2,3.2
2024-11-08,3,4.2
2024-11-08,4,3.4
2024-11-08,5,3.6
2024-11-08,6,3.5
2024-11-08,7,3.7
2024-11-08,8,4.2
2024-11-08,9,4.3
2024-11-08,10,3.0
2024-11-08,11,4.2
2024-11-08,12,4.0
2024-11-08,13,4.6
2024-11-08,14,3.8
2024-11-08,15,3.8
2024-11-09,1,3.9
2024-11-09,2,5.0
2024-11-09,3,3.9
2024-11-09,4,3.9
2024-11-09,5,3.5
2024-11-09,6,4.1
2024-11-09,7,4.4
2024-11-09,8,5.0
2024-11-09,9,4.0
2024-11-09,10,4.1
2024-11-09,11,4.1
2024-11-09,12,4.3
2024-11-09,13,3.9
2024-11-09,14,4.8
2024-11-09,15,3.8
2024-11-10,1,4.3
2024-11-10,2,4.7
2024-11-10,3,4.0
2024-11-10,4,3.3
2024-11-10,5,5.0
2024-11-10,6,3.8
2024-11-10,7,4.6
2024-11-10,8,3.6
2024-11-10,9,3.8
2024-11-10,10,4.2
2024-11-10,11,4.0
2024-11-10,12,2.9
2024-11-10,13,3.1
2024-11-10,14,4.7
2024-11-10,15,3.8
2024-11-11,1,4.9
2024-11-11,2,3.6
2024-11-11,3,3.1
2024-11-11,4,3.9
2024-11-11,5,3.9
2024-11-11,6,3.4
2024-11-11,7,4.9
2024-11-11,8,3.9
2024-11-11,9,4.2
2024-11-11,10,4.7
2024-11-11,11,4.5
2024-11-11,12,3.7
2024-11-11,13,4.6
2024-11-11,14,4.8
2024-11-11,15,4.0
2024-11-12,1,3.8
2024-11-12,2,4.3
2024-11-12,3,3.6
2024-11-12,4,3.4
2024-11-12,5,4.6
2024-11-12,6,4.2
2024-11-12,7,3.4
2024-11-12,8,4.3
2024-11-12,9,4.0
2024-11-12,10,3.7
2024-11-12,11,4.0
2024-11-12,12,4.8
2024-11-12,13,3.4
2024-11-12,14,3.7
2024-11-12,15,5.0
2024-11-13,1,4.6
2024-11-13,2,4.3
2024-11-13,3,4.4
2024-11-13,4,4.7
2024-11-13,5,4.0
2024-11-13,6,3.9
2024-11-13,7,3.8
2024-11-13,8,3.8
2024-11-13,9,4.8
2024-11-13,10,4.5
2024-11-13,11,4.1
2024-11-13,12,4.6
2024-11-13,13,3.2
2024-11-13,14,3.3
2024-11-13,15,4.4
2024-11-14,1,2.8
2024-11-14,2,3.4
2024-11-14,3,4.4
2024-11-14,4,4.8
2024-11-14,5,3.9
2024-11-14,6,4.2
2024-11-14,7,4.8
2024-11-14,8,4.4
2024-11-14,9,4.1
2024-11-14,10,3.7
2024-11-14,11,3.2
2024-11-14,12,4.4
2024-11-14,13,4.0
2024-11-14,14,4.1
2024-11-14,15,4.1
2024-11-15,1,3.4
2024-11-15,2,3.4
2024-11-15,3,3.7
2024-11-15,4,4.6
2024-11-15,5,3.6
2024-11-15,6,4.3
2024-11-15,7,3.1
2024-11-15,8,3.6
2024-11-15,9,4.3
2024-11-15,10,3.7
2024-11-15,11,4.4
2024-11-15,12,4.3
2024-11-15,13,3.5
2024-11-15,14,3.9
2024-11-15,15,3.6
2024-11-16,1,4.2
2024-11-16,2,3.8
2024-11-16,3,4.6
2024-11-16,4,4.2
2024-11-16,5,4.0
2024-11-16,6,4.1
2024-11-16,7,4.0
2024-11-16,8,3.5
2024-11-16,9,4.5
2024-11-16,10,4.0
2024-11-16,11,4.3
2024-11-16,12,3.4
2024-11-16,13,4.2
2024-11-16,14,3.2
2024-11-16,15,3.8
2024-11-17,1,4.3
2024-11-17,2,4.7
2024-11-17,3,2.5
2024-11-17,4,4.6
2024-11-17,5,4.2
2024-11-17,6,4.0
2024-11-17,7,3.5
2024-11-17,8,3.9
2024-11-17,9,3.8
2024-11-17,10,3.6
2024-11-17,11,4.0
2024-11-17,12,3.3
2024-11-17,13,3.9
2024-11-17,14,4.5
2024-11-17,15,3.8
2024-11-18,1,4.0
2024-11-18,2,4.4
2024-11-18,3,4.2
2024-11-18,4,3.7
2024-11-18,5,4.4
2024-11-18,6,4.2
2024-11-18,7,5.0
2024-11-18,8,4.0
2024-11-18,9,3.9
2024-11-18,10,4.0
2024-11-18,11,4.3
2024-11-18,12,4.1
2024-11-18,13,3.8
2024-11-18,14,3.8
2024-11-18,15,4.6
2024-11-19,1,3.9
2024-11-19,2,4.2
2024-11-19,3,5.0
2024-11-19,4,3.8
2024-11-19,5,4.2
2024-11-19,6,3.7
2024-11-19,7,4.4
2024-11-19,8,3.3
2024-11-19,9,3.2
2024-11-19,10,4.1
2024-11-19,11,3.7
2024-11-19,12,3.6
2024-11-19,13,4.2
2024-11-19,14,3.2
2024-11-19,15,5.0
2024-11-20,1,4.0
2024-11-20,2,3.8
2024-11-20,3,3.7
2024-11-20,4,4.3
2024-11-20,5,3.2
2024-11-20,6,4.1
2024-11-20,7,4.5
2024-11-20,8,4.6
2024-11-20,9,4.7
2024-11-20,10,4.1
2024-11-20,11,3.8
2024-11-20,12,4.1
2024-11-20,13,4.1
2024-11-20,14,4.5
2024-11-20,15,5.0
2024-11-21,1,4.9
2024-11-21,2,3.6
2024-11-21,3,3.7
2024-11-21,4,5.0
2024-11-21,5,3.6
2024-11-21,6,4.2
2024-11-21,7,5.0
2024-11-21,8,4.3
2024-11-21,9,3.6
2024-11-21,10,4.3
2024-11-21,11,3.8
2024-11-21,12,2.8
2024-11-21,13,4.1
2024-11-21,14,4.7
2024-11-21,15,5.0
2024-11-22,1,3.8
2024-11-22,2,4.4
2024-11-22,3,3.7
2024-11-22,4,3.9
2024-11-22,5,3.8
2024-11-22,6,4.0
2024-11-22,7,3.4
2024-11-22,8,3.9
2024-11-22,9,4.3
2024-11-22,10,3.9
2024-11-22,11,3.8
2024-11-22,12,4.2
2024-11-22,13,4.1
2024-11-22,14,4.2
2024-11-22,15,3.4
2024-11-23,1,4.2
2024-11-23,2,4.1
2024-11-23,3,4.0
2024-11-23,4,4.0
2024-11-23,5,3.9
2024-11-23,6,3.5
2024-11-23,7,3.4
2024-11-23,8,4.1
2024-11-23,9,3.8
2024-11-23,10,3.8
2024-11-23,11,4.3
2024-11-23,12,3.7
2024-11-23,13,4.0
2024-11-23,14,3.5
2024-11-23,15,3.6
2024-11-24,1,4.0
2024-11-24,2,4.2
2024-11-24,3,3.8
2024-11-24,4,3.8
2024-11-24,5,4.3
2024-11-24,6,3.9
2024-11-24,7,3.7
2024-11-24,8,3.3
2024-11-24,9,3.6
2024-11-24,10,4.3
2024-11-24,11,3.6
2024-11-24,12,3.2
2024-11-24,13,4.0
2024-11-24,14,4.3
2024-11-24,15,3.0
2024-11-25,1,3.4
2024-11-25,2,4.4
2024-11-25,3,3.9
2024-11-25,4,3.7
2024-11-25,5,4.3
2024-11-25,6,4.4
2024-11-25,7,3.8
2024-11-25,8,3.8
2024-11-25,9,4.1
2024-11-25,10,3.9
2024-11-25,11,2.7
2024-11-25,12,4.1
2024-11-25,13,3.4
2024-11-25,14,3.3
2024-11-25,15,3.4
2024-11-26,1,4.5
2024-11-26,2,4.6
2024-11-26,3,3.9
2024-11-26,4,3.7
2024-11-26,5,3.9
2024-11-26,6,5.0
2024-11-26,7,4.4
2024-11-26,8,4.3
2024-11-26,9,4.6
2024-11-26,10,4.1
2024-11-26,11,4.0
2024-11-26,12,4.2
2024-11-26,13,5.0
2024-11-26,14,4.2
2024-11-26,15,4.9
2024-11-27,1,4.5
2024-11-27,2,4.0
2024-11-27,3,4.9
2024-11-27,4,4.3
2024-11-27,5,4.5
2024-11-27,6,4.3
2024-11-27,7,4.6
2024-11-27,8,4.2
2024-11-27,9,3.3
2024-11-27,10,3.9
2024-11-27,11,3.9
2024-11-27,12,3.4
2024-11-27,13,4.2
2024-11-27,14,4.2
2024-11-27,15,3.8
2024-11-28,1,3.1
2024-11-28,2,4.2
2024-11-28,3,2.9
2024-11-28,4,4.7
2024-11-28,5,4.3
2024-11-28,6,4.1
2024-11-28,7,3.6
2024-11-28,8,4.7
2024-11-28,9,3.6
2024-11-28,10,4.4
2024-11-28,11,4.5
2024-11-28,12,4.3
2024-11-28,13,4.5
2024-11-28,14,3.0
2024-11-28,15,4.9
2024-11-29,1,5.0
2024-11-29,2,4.3
2024-11-29,3,3.4
2024-11-29,4,3.5
2024-11-29,5,3.9
2024-11-29,6,5.0
2024-11-29,7,3.8
2024-11-29,8,3.9
2024-11-29,9,3.8
2024-11-29,10,3.6
2024-11-29,11,4.5
2024-11-29,12,4.5
2024-11-29,13,3.9
2024-11-29,14,4.7
2024-11-29,15,3.4
2024-11-30,1,4.7
2024-11-30,2,3.8
2024-11-30,3,3.8
2024-11-30,4,3.0
2024-11-30,5,4.0
2024-11-30,6,5.0
2024-11-30,7,4.1
2024-11-30,8,3.7
2024-11-30,9,4.2
2024-11-30,10,3.7
2024-11-30,11,4.0
2024-11-30,12,3.8
2024-11-30,13,3.8
2024-11-30,14,3.6
2024-11-30,15,4.4
2024-12-01,1,3.7
2024-12-01,2,4.0
2024-12-01,3,3.4
2024-12-01,4,3.9
2024-12-01,5,3.6
2024-12-01,6,4.0
2024-12-01,7,4.7
2024-12-01,8,3.7
2024-12-01,9,3.2
2024-12-01,10,4.4
2024-12-01,11,4.1
2024-12-01,12,3.8
2024-12-01,13,3.7
2024-12-01,14,4.0
2024-12-01,15,3.5
2024-12-02,1,4.3
2024-12-02,2,3.5
2024-12-02,3,4.0
2024-12-02,4,4.3
2024-12-02,5,3.6
2024-12-02,6,4.3
2024-12-02,7,4.2
2024-12-02,8,4.1
2024-12-02,9,4.1
2024-12-02,10,3.0
2024-12-02,11,4.4
2024-12-02,12,3.8
2024-12-02,13,4.1
2024-12-02,14,4.3
2024-12-02,15,3.8
2024-12-03,1,3.9
2024-12-03,2,3.9
2024-12-03,3,4.4
2024-12-03,4,4.5
2024-12-03,5,4.3
2024-12-03,6,4.8
2024-12-03,7,5.0
2024-12-03,8,4.3
2024-12-03,9,5.0
2024-12-03,10,4.0
2024-12-03,11,4.5
2024-12-03,12,4.2
2024-12-03,13,5.0
2024-12-03,14,3.4
2024-12-03,15,4.1
2024-12-04,1,3.4
2024-12-04,2,3.4
2024-12-04,3,4.4
2024-12-04,4,3.1
2024-12-04,5,2.5
2024-12-04,6,4.6
2024-12-04,7,5.0
2024-12-04,8,4.3
2024-12-04,9,4.4
2024-12-04,10,3.7
2024-12-04,11,3.2
2024-12-04,12,4.2
2024-12-04,13,4.3
2024-12-04,14,3.7
2024-12-04,15,3.3
2024-12-05,1,4.1
2024-12-05,2,4.2
2024-12-05,3,4.4
2024-12-05,4,3.4
2024-12-05,5,3.5
2024-12-05,6,3.6
2024-12-05,7,3.9
2024-12-05,8,3.4
2024-12-05,9,3.3
2024-12-05,10,3.8
2024-12-05,11,3.9
2024-12-05,12,3.7
2024-12-05,13,4.4
2024-12-05,14,3.9
2024-12-05,15,4.1
2024-12-06,1,4.4
2024-12-06,2,3.5
2024-12-06,3,4.7
2024-12-06,4,4.7
2024-12-06,5,3.3
2024-12-06,6,3.5
2024-12-06,7,3.2
2024-12-06,8,3.6
2024-12-06,9,3.5
2024-12-06,10,3.3
2024-12-06,11,5.0
2024-12-06,12,4.1
2024-12-06,13,4.1
2024-12-06,14,3.4
2024-12-06,15,3.8
2024-12-07,1,4.2
2024-12-07,2,3.9
2024-12-07,3,4.7
2024-12-07,4,4.1
2024-12-07,5,4.7
2024-12-07,6,4.6
2024-12-07,7,3.8
2024-12-07,8,3.6
2024-12-07,9,4.3
2024-12-07,10,3.2
2024-12-07,11,4.9
2024-12-07,12,3.7
2024-12-07,13,3.9
2024-12-07,14,3.5
2024-12-07,15,4.2
2024-12-08,1,4.9
2024-12-08,2,3.9
2024-12-08,3,4.3
2024-12-08,4,4.4
2024-12-08,5,5.0
2024-12-08,6,4.0
2024-12-08,7,4.4
2024-12-08,8,3.3
2024-12-08,9,3.3
2024-12-08,10,4.1
2024-12-08,11,4.1
2024-12-08,12,4.4
2024-12-08,13,4.5
2024-12-08,14,3.2
2024-12-08,15,4.1
2024-12-09,1,4.5
2024-12-09,2,4.9
2024-12-09,3,3.5
2024-12-09,4,4.3
2024-12-09,5,3.0
2024-12-09,6,3.3
2024-12-09,7,3.8
2024-12-09,8,4.0
2024-12-09,9,3.3
2024-12-09,10,4.3
2024-12-09,11,3.3
2024-12-09,12,4.0
2024-12-09,13,4.4
2024-12-09,14,4.8
2024-12-09,15,4.9
2024-12-10,1,3.6
2024-12-10,2,4.2
2024-12-10,3,4.6
2024-12-10,4,5.0
2024-12-10,5,4.4
2024-12-10,6,3.5
2024-12-10,7,3.7
2024-12-10,8,4.3
2024-12-10,9,4.0
2024-12-10,10,3.8
2024-12-10,11,4.7
2024-12-10,12,3.0
2024-12-10,13,3.6
2024-12-10,14,4.7
2024-12-10,15,3.7
2024-12-11,1,3.5
2024-12-11,2,5.0
2024-12-11,3,4.0
2024-12-11,4,4.2
2024-12-11,5,5.0
2024-12-11,6,4.2
2024-12-11,7,3.2
2024-12-11,8,4.3
2024-12-11,9,4.2
2024-12-11,10,3.4
2024-12-11,11,4.3
2024-12-11,12,4.8
2024-12-11,13,4.2
2024-12-11,14,4.2
2024-12-11,15,4.5
2024-12-12,1,4.5
2024-12-12,2,3.9
2024-12-12,3,4.3
2024-12-12,4,3.5
2024-12-12,5,4.7
2024-12-12,6,4.4
2024-12-12,7,3.5
2024-12-12,8,5.0
2024-12-12,9,3.3
2024-12-12,10,3.5
2024-12-12,11,3.7
2024-12-12,12,4.4
2024-12-12,13,4.2
2024-12-12,14,4.3
2024-12-12,15,4.9
2024-12-13,1,3.4
2024-12-13,2,4.8
2024-12-13,3,3.6
2024-12-13,4,3.8
2024-12-13,5,3.4
2024-12-13,6,3.9
2024-12-13,7,4.7
2024-12-13,8,4.7
2024-12-13,9,4.1
2024-12-13,10,3.2
2024-12-13,11,3.7
2024-12-13,12,3.6
2024-12-13,13,3.3
2024-12-13,14,3.6
2024-12-13,15,4.3
2024-12-14,1,3.8
2024-12-14,2,4.0
2024-12-14,3,3.9
2024-12-14,4,3.9
2024-12-14,5,4.8
2024-12-14,6,4.1
2024-12-14,7,4.1
2024-12-14,8,3.5
2024-12-14,9,4.4
2024-12-14,10,4.2
2024-12-14,11,3.7
2024-12-14,12,3.8
2024-12-14,13,3.2
2024-12-14,14,4.7
2024-12-14,15,3.3
2024-12-15,1,4.3
2024-12-15,2,4.4
2024-12-15,3,3.6
2024-12-15,4,4.6
2024-12-15,5,4.3
2024-12-15,6,3.8
2024-12-15,7,3.9
2024-12-15,8,4.1
2024-12-15,9,4.5
2024-12-15,10,3.1
2024-12-15,11,3.6
2024-12-15,12,4.2
2024-12-15,13,4.5
2024-12-15,14,4.3
2024-12-15,15,3.8
2024-12-16,1,3.9
2024-12-16,2,4.3
2024-12-16,3,4.3
2024-12-16,4,4.5
2024-12-16,5,3.7
2024-12-16,6,3.6
2024-12-16,7,5.0
2024-12-16,8,3.9
2024-12-16,9,4.0
2024-12-16,10,3.7
2024-12-16,11,3.8
2024-12-16,12,3.3
2024-12-16,13,4.0
2024-12-16,14,3.8
2024-12-16,15,4.2
2024-12-17,1,3.8
2024-12-17,2,3.3
2024-12-17,3,3.6
2024-12-17,4,4.6
2024-12-17,5,3.6
2024-12-17,6,4.7
2024-12-17,7,4.2
2024-12-17,8,4.0
2024-12-17,9,4.5
2024-12-17,10,4.0
2024-12-17,11,4.6
2024-12-17,12,4.1
2024-12-17,13,4.4
2024-12-17,14,4.0
2024-12-17,15,4.4
2024-12-18,1,5.0
2024-12-18,2,3.3
2024-12-18,3,4.1
2024-12-18,4,4.0
2024-12-18,5,3.4
2024-12-18,6,4.0
2024-12-18,7,3.0
2024-12-18,8,3.5
2024-12-18,9,5.0
2024-12-18,10,3.3
2024-12-18,11,4.2
2024-12-18,12,3.4
2024-12-18,13,3.8
2024-12-18,14,3.3
2024-12-18,15,4.2
2024-12-19,1,4.0
2024-12-19,2,4.3
2024-12-19,3,3.1
2024-12-19,4,4.3
2024-12-19,5,2.7
2024-12-19,6,4.3
2024-12-19,7,4.2
2024-12-19,8,4.3
2024-12-19,9,3.6
2024-12-19,10,3.9
2024-12-19,11,4.8
2024-12-19,12,4.2
2024-12-19,13,4.2
2024-12-19,14,3.3
2024-12-19,15,3.1
2024-12-20,1,4.1
2024-12-20,2,2.8
2024-12-20,3,3.6
2024-12-20,4,4.6
2024-12-20,5,3.7
2024-12-20,6,4.6
2024-12-20,7,3.8
2024-12-20,8,4.1
2024-12-20,9,2.8
2024-12-20,10,4.4
2024-12-20,11,4.4
2024-12-20,12,4.0
2024-12-20,13,3.9
2024-12-20,14,3.7
2024-12-20,15,4.2
2024-12-21,1,4.6
2024-12-21,2,3.9
2024-12-21,3,3.6
2024-12-21,4,3.9
2024-12-21,5,3.0
2024-12-21,6,3.3
2024-12-21,7,4.3
2024-12-21,8,3.3
2024-12-21,9,4.4
2024-12-21,10,4.0
2024-12-21,11,3.5
2024-12-21,12,2.7
2024-12-21,13,3.8
2024-12-21,14,4.0
2024-12-21,15,5.0
2024-12-22,1,4.2
2024-12-22,2,4.0
2024-12-22,3,4.4
2024-12-22,4,4.2
2024-12-22,5,5.0
2024-12-22,6,4.0
2024-12-22,7,4.6
2024-12-22,8,4.1
2024-12-22,9,4.2
2024-12-22,10,4.1
2024-12-22,11,3.2
2024-12-22,12,4.5
2024-12-22,13,3.6
2024-12-22,14,4.5
2024-12-22,15,3.6
2024-12-23,1,3.7
2024-12-23,2,3.6
2024-12-23,3,3.2
2024-12-23,4,4.3
2024-12-23,5,3.9
2024-12-23,6,3.8
2024-12-23,7,4.2
2024-12-23,8,4.0
2024-12-23,9,3.9
2024-12-23,10,3.4
2024-12-23,11,4.3
2024-12-23,12,4.7
2024-12-23,13,3.6
2024-12-23,14,3.2
2024-12-23,15,3.9
2024-12-24,1,4.0
2024-12-24,2,4.3
2024-12-24,3,4.6
2024-12-24,4,3.6
2024-12-24,5,4.7
2024-12-24,6,4.4
2024-12-24,7,3.8
2024-12-24,8,4.2
2024-12-24,9,4.0
2024-12-24,10,3.6
2024-12-24,11,4.2
2024-12-24,12,3.7
2024-12-24,13,3.8
2024-12-24,14,4.2
2024-12-24,15,4.6
2024-12-25,1,3.5
2024-12-25,2,3.7
2024-12-25,3,3.4
2024-12-25,4,3.7
2024-12-25,5,3.9
2024-12-25,6,3.7
2024-12-25,7,3.7
2024-12-25,8,3.5
2024-12-25,9,4.5
2024-12-25,10,4.1
2024-12-25,11,4.8
2024-12-25,12,3.7
2024-12-25,13,4.4
2024-12-25,14,4.7
2024-12-25,15,3.5
2024-12-26,1,5.0
2024-12-26,2,3.5
2024-12-26,3,4.4
2024-12-26,4,3.4
2024-12-26,5,4.1
2024-12-26,6,4.2
2024-12-26,7,4.0
2024-12-26,8,5.0
2024-12-26,9,3.7
2024-12-26,10,4.0
2024-12-26,11,4.1
2024-12-26,12,3.6
2024-12-26,13,4.3
2024-12-26,14,5.0
2024-12-26,15,3.9
2024-12-27,1,4.3
2024-12-27,2,3.2
2024-12-27,3,3.3
2024-12-27,4,3.7
2024-12-27,5,3.4
2024-12-27,6,4.0
2024-12-27,7,4.0
2024-12-27,8,4.1
2024-12-27,9,4.2
2024-12-27,10,3.8
2024-12-27,11,4.4
2024-12-27,12,3.3
2024-12-27,13,4.7
2024-12-27,14,4.3
2024-12-27,15,4.3
2024-12-28,1,3.7
2024-12-28,2,4.3
2024-12-28,3,4.0
2024-12-28,4,4.6
2024-12-28,5,3.6
2024-12-28,6,3.8
2024-12-28,7,3.2
2024-12-28,8,3.7
2024-12-28,9,3.7
2024-12-28,10,4.0
2024-12-28,11,4.5
2024-12-28,12,4.3
2024-12-28,13,4.2
2024-12-28,14,4.5
2024-12-28,15,4.6
2024-12-29,1,4.3
2024-12-29,2,3.9
2024-12-29,3,3.7
2024-12-29,4,4.3
2024-12-29,5,4.4
2024-12-29,6,3.4
2024-12-29,7,3.1
2024-12-29,8,4.5
2024-12-29,9,4.7
2024-12-29,10,4.8
2024-12-29,11,4.0
2024-12-29,12,3.7
2024-12-29,13,3.5
2024-12-29,14,4.1
2024-12-29,15,3.7
2024-12-30,1,4.1
2024-12-30,2,4.8
2024-12-30,3,3.4
2024-12-30,4,3.7
2024-12-30,5,3.5
2024-12-30,6,4.1
2024-12-30,7,3.3
2024-12-30,8,4.1
2024-12-30,9,4.0
2024-12-30,10,4.1
2024-12-30,11,4.1
2024-12-30,12,3.4
2024-12-30,13,4.3
2024-12-30,14,4.8
2024-12-30,15,3.1
2024-12-31,1,3.6
2024-12-31,2,3.8
2024-12-31,3,4.5
2024-12-31,4,4.2
2024-12-31,5,4.0
2024-12-31,6,4.2
2024-12-31,7,4.4
2024-12-31,8,3.5
2024-12-31,9,3.3
2024-12-31,10,3.9
2024-12-31,11,4.3
2024-12-31,12,4.1
2024-12-31,13,5.0
2024-12-31,14,2.7
2024-12-31,15,3.7
