date,store_id,visitors
2024-01-01,1,32
2024-01-01,2,107
2024-01-01,3,93
2024-01-01,4,158
2024-01-01,5,128
2024-01-01,6,89
2024-01-01,7,99
2024-01-01,8,81
2024-01-01,9,72
2024-01-01,10,87
2024-01-01,11,123
2024-01-01,12,156
2024-01-01,13,148
2024-01-01,14,55
2024-01-01,15,74
2024-01-02,1,86
2024-01-02,2,64
2024-01-02,3,121
2024-01-02,4,141
2024-01-02,5,66
2024-01-02,6,95
2024-01-02,7,71
2024-01-02,8,108
2024-01-02,9,94
2024-01-02,10,146
2024-01-02,11,91
2024-01-02,12,125
2024-01-02,13,116
2024-01-02,14,67
2024-01-02,15,68
2024-01-03,1,114
2024-01-03,2,108
2024-01-03,3,76
2024-01-03,4,121
2024-01-03,5,128
2024-01-03,6,116
2024-01-03,7,97
2024-01-03,8,109
2024-01-03,9,66
2024-01-03,10,101
2024-01-03,11,95
2024-01-03,12,107
2024-01-03,13,149
2024-01-03,14,93
2024-01-03,15,23
2024-01-04,1,121
2024-01-04,2,157
2024-01-04,3,157
2024-01-04,4,161
2024-01-04,5,131
2024-01-04,6,124
2024-01-04,7,85
2024-01-04,8,57
2024-01-04,9,91
2024-01-04,10,88
2024-01-04,11,63
2024-01-04,12,124
2024-01-04,13,97
2024-01-04,14,96
2024-01-04,15,79
2024-01-05,1,138
2024-01-05,2,170
2024-01-05,3,141
2024-01-05,4,92
2024-01-05,5,112
2024-01-05,6,136
2024-01-05,7,91
2024-01-05,8,133
2024-01-05,9,76
2024-01-05,10,105
2024-01-05,11,109
2024-01-05,12,117
2024-01-05,13,95
2024-01-05,14,124
2024-01-05,15,85
2024-01-06,1,92
2024-01-06,2,75
2024-01-06,3,75
2024-01-06,4,101
2024-01-06,5,101
2024-01-06,6,81
2024-01-06,7,84
2024-01-06,8,129
2024-01-06,9,91
2024-01-06,10,54
2024-01-06,11,120
2024-01-06,12,130
2024-01-06,13,73
2024-01-06,14,121
2024-01-06,15,99
2024-01-07,1,130
2024-01-07,2,90
2024-01-07,3,110
2024-01-07,4,105
2024-01-07,5,98
2024-01-07,6,99
2024-01-07,7,72
2024-01-07,8,118
2024-01-07,9,85
2024-01-07,10,123
2024-01-07,11,17
2024-01-07,12,112
2024-01-07,13,101
2024-01-07,14,65
2024-01-07,15,71
2024-01-08,1,170
2024-01-08,2,98
2024-01-08,3,137
2024-01-08,4,173
2024-01-08,5,83
2024-01-08,6,118
2024-01-08,7,60
2024-01-08,8,77
2024-01-08,9,93
2024-01-08,10,88
2024-01-08,11,40
2024-01-08,12,116
2024-01-08,13,173
2024-01-08,14,96
2024-01-08,15,64
2024-01-09,1,69
2024-01-09,2,121
2024-01-09,3,88
2024-01-09,4,157
2024-01-09,5,113
2024-01-09,6,71
2024-01-09,7,85
2024-01-09,8,81
2024-01-09,9,104
2024-01-09,10,103
2024-01-09,11,94
2024-01-09,12,80
2024-01-09,13,68
2024-01-09,14,121
2024-01-09,15,79
2024-01-10,1,145
2024-01-10,2,130
2024-01-10,3,90
2024-01-10,4,135
2024-01-10,5,79
2024-01-10,6,65
2024-01-10,7,122
2024-01-10,8,80
2024-01-10,9,119
2024-01-10,10,57
2024-01-10,11,139
2024-01-10,12,131
2024-01-10,13,140
2024-01-10,14,74
2024-01-10,15,85
2024-01-11,1,129
2024-01-11,2,129
2024-01-11,3,146
2024-01-11,4,128
2024-01-11,5,104
2024-01-11,6,172
2024-01-11,7,155
2024-01-11,8,137
2024-01-11,9,86
2024-01-11,10,88
2024-01-11,11,121
2024-01-11,12,96
2024-01-11,13,83
2024-01-11,14,74
2024-01-11,15,105
2024-01-12,1,107
2024-01-12,2,119
2024-01-12,3,97
2024-01-12,4,79
2024-01-12,5,105
2024-01-12,6,130
2024-01-12,7,82
2024-01-12,8,103
2024-01-12,9,97
2024-01-12,10,113
2024-01-12,11,96
2024-01-12,12,58
2024-01-12,13,130
2024-01-12,14,74
2024-01-12,15,12
2024-01-13,1,90
2024-01-13,2,175
2024-01-13,3,123
2024-01-13,4,137
2024-01-13,5,165
2024-01-13,6,126
2024-01-13,7,101
2024-01-13,8,56
2024-01-13,9,78
2024-01-13,10,80
2024-01-13,11,101
2024-01-13,12,86
2024-01-13,13,102
2024-01-13,14,11
2024-01-13,15,106
2024-01-14,1,68
2024-01-14,2,138
2024-01-14,3,155
2024-01-14,4,96
2024-01-14,5,168
2024-01-14,6,123
2024-01-14,7,111
2024-01-14,8,87
2024-01-14,9,63
2024-01-14,10,36
2024-01-14,11,148
2024-01-14,12,34
2024-01-14,13,73
2024-01-14,14,75
2024-01-14,15,76
2024-01-15,1,50
2024-01-15,2,105
2024-01-15,3,100
2024-01-15,4,110
2024-01-15,5,147
2024-01-15,6,162
2024-01-15,7,149
2024-01-15,8,116
2024-01-15,9,35
2024-01-15,10,104
2024-01-15,11,103
2024-01-15,12,112
2024-01-15,13,144
2024-01-15,14,58
2024-01-15,15,41
2024-01-16,1,64
2024-01-16,2,99
2024-01-16,3,110
2024-01-16,4,129
2024-01-16,5,100
2024-01-16,6,161
2024-01-16,7,100
2024-01-16,8,80
2024-01-16,9,114
2024-01-16,10,77
2024-01-16,11,69
2024-01-16,12,141
2024-01-16,13,126
2024-01-16,14,144
2024-01-16,15,42
2024-01-17,1,56
2024-01-17,2,128
2024-01-17,3,177
2024-01-17,4,98
2024-01-17,5,123
2024-01-17,6,103
2024-01-17,7,87
2024-01-17,8,115
2024-01-17,9,51
2024-01-17,10,41
2024-01-17,11,100
2024-01-17,12,91
2024-01-17,13,147
2024-01-17,14,109
2024-01-17,15,48
2024-01-18,1,93
2024-01-18,2,136
2024-01-18,3,144
2024-01-18,4,163
2024-01-18,5,138
2024-01-18,6,144
2024-01-18,7,125
2024-01-18,8,152
2024-01-18,9,10
2024-01-18,10,148
2024-01-18,11,94
2024-01-18,12,20
2024-01-18,13,126
2024-01-18,14,64
2024-01-18,15,92
2024-01-19,1,163
2024-01-19,2,80
2024-01-19,3,139
2024-01-19,4,130
2024-01-19,5,111
2024-01-19,6,85
2024-01-19,7,108
2024-01-19,8,54
2024-01-19,9,60
2024-01-19,10,67
2024-01-19,11,95
2024-01-19,12,69
2024-01-19,13,110
2024-01-19,14,87
2024-01-19,15,160
2024-01-20,1,49
2024-01-20,2,143
2024-01-20,3,144
2024-01-20,4,124
2024-01-20,5,91
2024-01-20,6,159
2024-01-20,7,100
2024-01-20,8,110
2024-01-20,9,52
2024-01-20,10,93
2024-01-20,11,118
2024-01-20,12,115
2024-01-20,13,109
2024-01-20,14,104
2024-01-20,15,92
2024-01-21,1,78
2024-01-21,2,77
2024-01-21,3,163
2024-01-21,4,137
2024-01-21,5,185
2024-01-21,6,176
2024-01-21,7,94
2024-01-21,8,108
2024-01-21,9,78
2024-01-21,10,52
2024-01-21,11,139
2024-01-21,12,115
2024-01-21,13,148
2024-01-21,14,44
2024-01-21,15,79
2024-01-22,1,51
2024-01-22,2,116
2024-01-22,3,110
2024-01-22,4,91
2024-01-22,5,104
2024-01-22,6,161
2024-01-22,7,121
2024-01-22,8,101
2024-01-22,9,50
2024-01-22,10,102
2024-01-22,11,41
2024-01-22,12,59
2024-01-22,13,164
2024-01-22,14,127
2024-01-22,15,14
2024-01-23,1,107
2024-01-23,2,181
2024-01-23,3,105
2024-01-23,4,128
2024-01-23,5,101
2024-01-23,6,137
2024-01-23,7,69
2024-01-23,8,110
2024-01-23,9,140
2024-01-23,10,95
2024-01-23,11,77
2024-01-23,12,64
2024-01-23,13,125
2024-01-23,14,52
2024-01-23,15,42
2024-01-24,1,59
2024-01-24,2,70
2024-01-24,3,112
2024-01-24,4,166
2024-01-24,5,151
2024-01-24,6,144
2024-01-24,7,77
2024-01-24,8,104
2024-01-24,9,70
2024-01-24,10,149
2024-01-24,11,57
2024-01-24,12,50
2024-01-24,13,78
2024-01-24,14,93
2024-01-24,15,57
2024-01-25,1,81
2024-01-25,2,67
2024-01-25,3,96
2024-01-25,4,142
2024-01-25,5,62
2024-01-25,6,104
2024-01-25,7,99
2024-01-25,8,119
2024-01-25,9,63
2024-01-25,10,80
2024-01-25,11,123
2024-01-25,12,89
2024-01-25,13,152
2024-01-25,14,166
2024-01-25,15,87
2024-01-26,1,66
2024-01-26,2,136
2024-01-26,3,154
2024-01-26,4,97
2024-01-26,5,139
2024-01-26,6,59
2024-01-26,7,129
2024-01-26,8,75
2024-01-26,9,25
2024-01-26,10,73
2024-01-26,11,127
2024-01-26,12,98
2024-01-26,13,113
2024-01-26,14,106
2024-01-26,15,92
2024-01-27,1,82
2024-01-27,2,118
2024-01-27,3,178
2024-01-27,4,120
2024-01-27,5,124
2024-01-27,6,184
2024-01-27,7,54
2024-01-27,8,121
2024-01-27,9,89
2024-01-27,10,83
2024-01-27,11,120
2024-01-27,12,66
2024-01-27,13,111
2024-01-27,14,41
2024-01-27,15,66
2024-01-28,1,77
2024-01-28,2,146
2024-01-28,3,129
2024-01-28,4,89
2024-01-28,5,122
2024-01-28,6,10
2024-01-28,7,112
2024-01-28,8,38
2024-01-28,9,100
2024-01-28,10,77
2024-01-28,11,150
2024-01-28,12,47
2024-01-28,13,138
2024-01-28,14,132
2024-01-28,15,65
2024-01-29,1,103
2024-01-29,2,115
2024-01-29,3,131
2024-01-29,4,118
2024-01-29,5,99
2024-01-29,6,121
2024-01-29,7,193
2024-01-29,8,135
2024-01-29,9,51
2024-01-29,10,104
2024-01-29,11,18
2024-01-29,12,85
2024-01-29,13,112
2024-01-29,14,94
2024-01-29,15,79
2024-01-30,1,88
2024-01-30,2,123
2024-01-30,3,130
2024-01-30,4,154
2024-01-30,5,130
2024-01-30,6,107
2024-01-30,7,70
2024-01-30,8,84
2024-01-30,9,41
2024-01-30,10,86
2024-01-30,11,71
2024-01-30,12,110
2024-01-30,13,89
2024-01-30,14,142
2024-01-30,15,72
2024-01-31,1,161
2024-01-31,2,91
2024-01-31,3,125
2024-01-31,4,104
2024-01-31,5,150
2024-01-31,6,126
2024-01-31,7,57
2024-01-31,8,112
2024-01-31,9,101
2024-01-31,10,64
2024-01-31,11,88
2024-01-31,12,138
2024-01-31,13,107
2024-01-31,14,91
2024-01-31,15,25
2024-02-01,1,178
2024-02-01,2,126
2024-02-01,3,91
2024-02-01,4,98
2024-02-01,5,43
2024-02-01,6,134
2024-02-01,7,128
2024-02-01,8,185
2024-02-01,9,91
2024-02-01,10,96
2024-02-01,11,96
2024-02-01,12,76
2024-02-01,13,110
2024-02-01,14,66
2024-02-01,15,52
2024-02-02,1,104
2024-02-02,2,146
2024-02-02,3,70
2024-02-02,4,119
2024-02-02,5,142
2024-02-02,6,130
2024-02-02,7,114
2024-02-02,8,118
2024-02-02,9,93
2024-02-02,10,44
2024-02-02,11,109
2024-02-02,12,82
2024-02-02,13,113
2024-02-02,14,92
2024-02-02,15,78
2024-02-03,1,68
2024-02-03,2,148
2024-02-03,3,92
2024-02-03,4,108
2024-02-03,5,147
2024-02-03,6,93
2024-02-03,7,148
2024-02-03,8,76
2024-02-03,9,63
2024-02-03,10,96
2024-02-03,11,43
2024-02-03,12,55
2024-02-03,13,180
2024-02-03,14,84
2024-02-03,15,107
2024-02-04,1,123
2024-02-04,2,124
2024-02-04,3,117
2024-02-04,4,92
2024-02-04,5,160
2024-02-04,6,105
2024-02-04,7,83
2024-02-04,8,20
2024-02-04,9,123
2024-02-04,10,85
2024-02-04,11,66
2024-02-04,12,154
2024-02-04,13,60
2024-02-04,14,42
2024-02-04,15,39
2024-02-05,1,113
2024-02-05,2,121
2024-02-05,3,125
2024-02-05,4,150
2024-02-05,5,124
2024-02-05,6,123
2024-02-05,7,38
2024-02-05,8,109
2024-02-05,9,49
2024-02-05,10,98
2024-02-05,11,102
2024-02-05,12,122
2024-02-05,13,199
2024-02-05,14,129
2024-02-05,15,119
2024-02-06,1,79
2024-02-06,2,189
2024-02-06,3,131
2024-02-06,4,189
2024-02-06,5,141
2024-02-06,6,42
2024-02-06,7,128
2024-02-06,8,110
2024-02-06,9,65
2024-02-06,10,105
2024-02-06,11,88
2024-02-06,12,113
2024-02-06,13,108
2024-02-06,14,78
2024-02-06,15,64
2024-02-07,1,84
2024-02-07,2,123
2024-02-07,3,139
2024-02-07,4,83
2024-02-07,5,110
2024-02-07,6,114
2024-02-07,7,132
2024-02-07,8,108
2024-02-07,9,44
2024-02-07,10,98
2024-02-07,11,103
2024-02-07,12,123
2024-02-07,13,101
2024-02-07,14,89
2024-02-07,15,84
2024-02-08,1,105
2024-02-08,2,121
2024-02-08,3,184
2024-02-08,4,191
2024-02-08,5,151
2024-02-08,6,114
2024-02-08,7,120
2024-02-08,8,94
2024-02-08,9,77
2024-02-08,10,77
2024-02-08,11,41
2024-02-08,12,25
2024-02-08,13,105
2024-02-08,14,58
2024-02-08,15,57
2024-02-09,1,137
2024-02-09,2,95
2024-02-09,3,83
2024-02-09,4,153
2024-02-09,5,114
2024-02-09,6,99
2024-02-09,7,93
2024-02-09,8,126
2024-02-09,9,76
2024-02-09,10,89
2024-02-09,11,88
2024-02-09,12,106
2024-02-09,13,100
2024-02-09,14,29
2024-02-09,15,85
2024-02-10,1,75
2024-02-10,2,128
2024-02-10,3,82
2024-02-10,4,144
2024-02-10,5,97
2024-02-10,6,110
2024-02-10,7,71
2024-02-10,8,130
2024-02-10,9,92
2024-02-10,10,56
2024-02-10,11,157
2024-02-10,12,73
2024-02-10,13,93
2024-02-10,14,92
2024-02-10,15,117
2024-02-11,1,102
2024-02-11,2,128
2024-02-11,3,125
2024-02-11,4,104
2024-02-11,5,124
2024-02-11,6,153
2024-02-11,7,147
2024-02-11,8,119
2024-02-11,9,112
2024-02-11,10,109
2024-02-11,11,78
2024-02-11,12,127
2024-02-11,13,82
2024-02-11,14,74
2024-02-11,15,136
2024-02-12,1,91
2024-02-12,2,122
2024-02-12,3,98
2024-02-12,4,88
2024-02-12,5,128
2024-02-12,6,124
2024-02-12,7,140
2024-02-12,8,54
2024-02-12,9,96
2024-02-12,10,103
2024-02-12,11,74
2024-02-12,12,123
2024-02-12,13,74
2024-02-12,14,39
2024-02-12,15,24
2024-02-13,1,86
2024-02-13,2,128
2024-02-13,3,127
2024-02-13,4,102
2024-02-13,5,170
2024-02-13,6,124
2024-02-13,7,42
2024-02-13,8,159
2024-02-13,9,131
2024-02-13,10,116
2024-02-13,11,100
2024-02-13,12,104
2024-02-13,13,87
2024-02-13,14,83
2024-02-13,15,81
2024-02-14,1,108
2024-02-14,2,105
2024-02-14,3,66
2024-02-14,4,148
2024-02-14,5,115
2024-02-14,6,108
2024-02-14,7,113
2024-02-14,8,132
2024-02-14,9,57
2024-02-14,10,107
2024-02-14,11,107
2024-02-14,12,114
2024-02-14,13,131
2024-02-14,14,97
2024-02-14,15,79
2024-02-15,1,123
2024-02-15,2,120
2024-02-15,3,168
2024-02-15,4,161
2024-02-15,5,159
2024-02-15,6,57
2024-02-15,7,79
2024-02-15,8,159
2024-02-15,9,33
2024-02-15,10,155
2024-02-15,11,102
2024-02-15,12,98
2024-02-15,13,101
2024-02-15,14,80
2024-02-15,15,78
2024-02-16,1,74
2024-02-16,2,81
2024-02-16,3,81
2024-02-16,4,158
2024-02-16,5,139
2024-02-16,6,132
2024-02-16,7,69
2024-02-16,8,112
2024-02-16,9,130
2024-02-16,10,79
2024-02-16,11,85
2024-02-16,12,113
2024-02-16,13,75
2024-02-16,14,125
2024-02-16,15,106
2024-02-17,1,120
2024-02-17,2,122
2024-02-17,3,81
2024-02-17,4,137
2024-02-17,5,113
2024-02-17,6,150
2024-02-17,7,93
2024-02-17,8,168
2024-02-17,9,58
2024-02-17,10,71
2024-02-17,11,65
2024-02-17,12,171
2024-02-17,13,89
2024-02-17,14,124
2024-02-17,15,10
2024-02-18,1,98
2024-02-18,2,95
2024-02-18,3,127
2024-02-18,4,164
2024-02-18,5,96
2024-02-18,6,118
2024-02-18,7,100
2024-02-18,8,111
2024-02-18,9,56
2024-02-18,10,87
2024-02-18,11,63
2024-02-18,12,128
2024-02-18,13,126
2024-02-18,14,67
2024-02-18,15,59
2024-02-19,1,99
2024-02-19,2,114
2024-02-19,3,154
2024-02-19,4,107
2024-02-19,5,92
2024-02-19,6,115
2024-02-19,7,51
2024-02-19,8,125
2024-02-19,9,121
2024-02-19,10,141
2024-02-19,11,25
2024-02-19,12,88
2024-02-19,13,144
2024-02-19,14,88
2024-02-19,15,55
2024-02-20,1,107
2024-02-20,2,136
2024-02-20,3,114
2024-02-20,4,100
2024-02-20,5,91
2024-02-20,6,144
2024-02-20,7,132
2024-02-20,8,154
2024-02-20,9,87
2024-02-20,10,76
2024-02-20,11,54
2024-02-20,12,93
2024-02-20,13,123
2024-02-20,14,86
2024-02-20,15,67
2024-02-21,1,151
2024-02-21,2,160
2024-02-21,3,160
2024-02-21,4,111
2024-02-21,5,127
2024-02-21,6,105
2024-02-21,7,93
2024-02-21,8,138
2024-02-21,9,54
2024-02-21,10,90
2024-02-21,11,84
2024-02-21,12,88
2024-02-21,13,143
2024-02-21,14,77
2024-02-21,15,81
2024-02-22,1,130
2024-02-22,2,124
2024-02-22,3,172
2024-02-22,4,80
2024-02-22,5,161
2024-02-22,6,143
2024-02-22,7,122
2024-02-22,8,75
2024-02-22,9,95
2024-02-22,10,47
2024-02-22,11,104
2024-02-22,12,78
2024-02-22,13,148
2024-02-22,14,40
2024-02-22,15,66
2024-02-23,1,82
2024-02-23,2,125
2024-02-23,3,111
2024-02-23,4,132
2024-02-23,5,95
2024-02-23,6,166
2024-02-23,7,119
2024-02-23,8,70
2024-02-23,9,122
2024-02-23,10,90
2024-02-23,11,110
2024-02-23,12,97
2024-02-23,13,129
2024-02-23,14,155
2024-02-23,15,104
2024-02-24,1,157
2024-02-24,2,142
2024-02-24,3,110
2024-02-24,4,115
2024-02-24,5,128
2024-02-24,6,78
2024-02-24,7,97
2024-02-24,8,134
2024-02-24,9,114
2024-02-24,10,63
2024-02-24,11,125
2024-02-24,12,88
2024-02-24,13,40
2024-02-24,14,61
2024-02-24,15,105
2024-02-25,1,81
2024-02-25,2,126
2024-02-25,3,106
2024-02-25,4,111
2024-02-25,5,145
2024-02-25,6,184
2024-02-25,7,86
2024-02-25,8,75
2024-02-25,9,93
2024-02-25,10,93
2024-02-25,11,112
2024-02-25,12,150
2024-02-25,13,155
2024-02-25,14,68
2024-02-25,15,93
2024-02-26,1,102
2024-02-26,2,123
2024-02-26,3,140
2024-02-26,4,101
2024-02-26,5,202
2024-02-26,6,124
2024-02-26,7,103
2024-02-26,8,107
2024-02-26,9,118
2024-02-26,10,64
2024-02-26,11,91
2024-02-26,12,56
2024-02-26,13,104
2024-02-26,14,97
2024-02-26,15,63
2024-02-27,1,102
2024-02-27,2,106
2024-02-27,3,150
2024-02-27,4,84
2024-02-27,5,95
2024-02-27,6,95
2024-02-27,7,116
2024-02-27,8,88
2024-02-27,9,84
2024-02-27,10,129
2024-02-27,11,80
2024-02-27,12,145
2024-02-27,13,56
2024-02-27,14,42
2024-02-27,15,71
2024-02-28,1,56
2024-02-28,2,142
2024-02-28,3,134
2024-02-28,4,136
2024-02-28,5,79
2024-02-28,6,114
2024-02-28,7,99
2024-02-28,8,81
2024-02-28,9,68
2024-02-28,10,74
2024-02-28,11,78
2024-02-28,12,144
2024-02-28,13,79
2024-02-28,14,38
2024-02-28,15,150
2024-02-29,1,159
2024-02-29,2,155
2024-02-29,3,87
2024-02-29,4,90
2024-02-29,5,96
2024-02-29,6,121
2024-02-29,7,113
2024-02-29,8,61
2024-02-29,9,69
2024-02-29,10,79
2024-02-29,11,80
2024-02-29,12,100
2024-02-29,13,124
2024-02-29,14,144
2024-02-29,15,55
2024-03-01,1,109
2024-03-01,2,100
2024-03-01,3,183
2024-03-01,4,112
2024-03-01,5,93
2024-03-01,6,94
2024-03-01,7,92
2024-03-01,8,128
2024-03-01,9,64
2024-03-01,10,100
2024-03-01,11,105
2024-03-01,12,113
2024-03-01,13,81
2024-03-01,14,92
2024-03-01,15,77
2024-03-02,1,141
2024-03-02,2,126
2024-03-02,3,121
2024-03-02,4,147
2024-03-02,5,107
2024-03-02,6,196
2024-03-02,7,76
2024-03-02,8,91
2024-03-02,9,47
2024-03-02,10,37
2024-03-02,11,78
2024-03-02,12,92
2024-03-02,13,99
2024-03-02,14,32
2024-03-02,15,120
2024-03-03,1,78
2024-03-03,2,101
2024-03-03,3,132
2024-03-03,4,117
2024-03-03,5,95
2024-03-03,6,128
2024-03-03,7,108
2024-03-03,8,68
2024-03-03,9,100
2024-03-03,10,74
2024-03-03,11,132
2024-03-03,12,136
2024-03-03,13,140
2024-03-03,14,92
2024-03-03,15,60
2024-03-04,1,55
2024-03-04,2,73
2024-03-04,3,82
2024-03-04,4,153
2024-03-04,5,139
2024-03-04,6,119
2024-03-04,7,100
2024-03-04,8,103
2024-03-04,9,75
2024-03-04,10,115
2024-03-04,11,112
2024-03-04,12,114
2024-03-04,13,100
2024-03-04,14,62
2024-03-04,15,83
2024-03-05,1,71
2024-03-05,2,98
2024-03-05,3,92
2024-03-05,4,100
2024-03-05,5,79
2024-03-05,6,105
2024-03-05,7,93
2024-03-05,8,98
2024-03-05,9,55
2024-03-05,10,128
2024-03-05,11,111
2024-03-05,12,86
2024-03-05,13,137
2024-03-05,14,92
2024-03-05,15,91
2024-03-06,1,118
2024-03-06,2,117
2024-03-06,3,115
2024-03-06,4,66
2024-03-06,5,143
2024-03-06,6,136
2024-03-06,7,133
2024-03-06,8,61
2024-03-06,9,119
2024-03-06,10,134
2024-03-06,11,109
2024-03-06,12,110
2024-03-06,13,121
2024-03-06,14,56
2024-03-06,15,84
2024-03-07,1,112
2024-03-07,2,147
2024-03-07,3,165
2024-03-07,4,122
2024-03-07,5,128
2024-03-07,6,123
2024-03-07,7,154
2024-03-07,8,90
2024-03-07,9,27
2024-03-07,10,80
2024-03-07,11,115
2024-03-07,12,49
2024-03-07,13,120
2024-03-07,14,39
2024-03-07,15,90
2024-03-08,1,156
2024-03-08,2,77
2024-03-08,3,129
2024-03-08,4,151
2024-03-08,5,170
2024-03-08,6,176
2024-03-08,7,109
2024-03-08,8,131
2024-03-08,9,113
2024-03-08,10,97
2024-03-08,11,58
2024-03-08,12,125
2024-03-08,13,166
2024-03-08,14,40
2024-03-08,15,95
2024-03-09,1,90
2024-03-09,2,130
2024-03-09,3,106
2024-03-09,4,133
2024-03-09,5,146
2024-03-09,6,103
2024-03-09,7,90
2024-03-09,8,89
2024-03-09,9,119
2024-03-09,10,135
2024-03-09,11,41
2024-03-09,12,107
2024-03-09,13,118
2024-03-09,14,63
2024-03-09,15,101
2024-03-10,1,100
2024-03-10,2,166
2024-03-10,3,131
2024-03-10,4,95
2024-03-10,5,116
2024-03-10,6,100
2024-03-10,7,147
2024-03-10,8,110
2024-03-10,9,109
2024-03-10,10,51
2024-03-10,11,85
2024-03-10,12,84
2024-03-10,13,88
2024-03-10,14,78
2024-03-10,15,75
2024-03-11,1,74
2024-03-11,2,124
2024-03-11,3,141
2024-03-11,4,151
2024-03-11,5,103
2024-03-11,6,124
2024-03-11,7,68
2024-03-11,8,58
2024-03-11,9,72
2024-03-11,10,70
2024-03-11,11,34
2024-03-11,12,120
2024-03-11,13,114
2024-03-11,14,90
2024-03-11,15,96
2024-03-12,1,162
2024-03-12,2,130
2024-03-12,3,117
2024-03-12,4,110
2024-03-12,5,131
2024-03-12,6,80
2024-03-12,7,57
2024-03-12,8,110
2024-03-12,9,75
2024-03-12,10,91
2024-03-12,11,59
2024-03-12,12,144
2024-03-12,13,63
2024-03-12,14,89
2024-03-12,15,55
2024-03-13,1,71
2024-03-13,2,200
2024-03-13,3,105
2024-03-13,4,121
2024-03-13,5,144
2024-03-13,6,151
2024-03-13,7,142
2024-03-13,8,82
2024-03-13,9,125
2024-03-13,10,68
2024-03-13,11,92
2024-03-13,12,99
2024-03-13,13,127
2024-03-13,14,52
2024-03-13,15,84
2024-03-14,1,115
2024-03-14,2,103
2024-03-14,3,102
2024-03-14,4,117
2024-03-14,5,112
2024-03-14,6,158
2024-03-14,7,110
2024-03-14,8,124
2024-03-14,9,84
2024-03-14,10,105
2024-03-14,11,145
2024-03-14,12,118
2024-03-14,13,100
2024-03-14,14,47
2024-03-14,15,44
2024-03-15,1,68
2024-03-15,2,116
2024-03-15,3,149
2024-03-15,4,106
2024-03-15,5,152
2024-03-15,6,74
2024-03-15,7,96
2024-03-15,8,103
2024-03-15,9,82
2024-03-15,10,109
2024-03-15,11,109
2024-03-15,12,112
2024-03-15,13,98
2024-03-15,14,102
2024-03-15,15,58
2024-03-16,1,83
2024-03-16,2,136
2024-03-16,3,103
2024-03-16,4,88
2024-03-16,5,125
2024-03-16,6,105
2024-03-16,7,93
2024-03-16,8,112
2024-03-16,9,114
2024-03-16,10,99
2024-03-16,11,80
2024-03-16,12,109
2024-03-16,13,137
2024-03-16,14,126
2024-03-16,15,79
2024-03-17,1,71
2024-03-17,2,56
2024-03-17,3,131
2024-03-17,4,118
2024-03-17,5,118
2024-03-17,6,57
2024-03-17,7,129
2024-03-17,8,74
2024-03-17,9,91
2024-03-17,10,139
2024-03-17,11,57
2024-03-17,12,129
2024-03-17,13,107
2024-03-17,14,84
2024-03-17,15,97
2024-03-18,1,75
2024-03-18,2,130
2024-03-18,3,123
2024-03-18,4,112
2024-03-18,5,116
2024-03-18,6,110
2024-03-18,7,62
2024-03-18,8,123
2024-03-18,9,54
2024-03-18,10,107
2024-03-18,11,35
2024-03-18,12,115
2024-03-18,13,67
2024-03-18,14,112
2024-03-18,15,56
2024-03-19,1,124
2024-03-19,2,140
2024-03-19,3,107
2024-03-19,4,153
2024-03-19,5,88
2024-03-19,6,98
2024-03-19,7,37
2024-03-19,8,71
2024-03-19,9,91
2024-03-19,10,88
2024-03-19,11,94
2024-03-19,12,102
2024-03-19,13,129
2024-03-19,14,80
2024-03-19,15,87
2024-03-20,1,58
2024-03-20,2,94
2024-03-20,3,97
2024-03-20,4,123
2024-03-20,5,140
2024-03-20,6,113
2024-03-20,7,79
2024-03-20,8,85
2024-03-20,9,86
2024-03-20,10,92
2024-03-20,11,139
2024-03-20,12,129
2024-03-20,13,72
2024-03-20,14,58
2024-03-20,15,66
2024-03-21,1,136
2024-03-21,2,118
2024-03-21,3,151
2024-03-21,4,140
2024-03-21,5,120
2024-03-21,6,95
2024-03-21,7,137
2024-03-21,8,47
2024-03-21,9,68
2024-03-21,10,64
2024-03-21,11,60
2024-03-21,12,111
2024-03-21,13,129
2024-03-21,14,68
2024-03-21,15,99
2024-03-22,1,131
2024-03-22,2,166
2024-03-22,3,64
2024-03-22,4,166
2024-03-22,5,149
2024-03-22,6,122
2024-03-22,7,52
2024-03-22,8,130
2024-03-22,9,96
2024-03-22,10,119
2024-03-22,11,115
2024-03-22,12,83
2024-03-22,13,155
2024-03-22,14,108
2024-03-22,15,81
2024-03-23,1,88
2024-03-23,2,111
2024-03-23,3,173
2024-03-23,4,146
2024-03-23,5,108
2024-03-23,6,117
2024-03-23,7,92
2024-03-23,8,87
2024-03-23,9,59
2024-03-23,10,58
2024-03-23,11,69
2024-03-23,12,101
2024-03-23,13,140
2024-03-23,14,61
2024-03-23,15,64
2024-03-24,1,74
2024-03-24,2,83
2024-03-24,3,115
2024-03-24,4,163
2024-03-24,5,53
2024-03-24,6,131
2024-03-24,7,77
2024-03-24,8,103
2024-03-24,9,52
2024-03-24,10,127
2024-03-24,11,98
2024-03-24,12,71
2024-03-24,13,157
2024-03-24,14,59
2024-03-24,15,79
2024-03-25,1,93
2024-03-25,2,148
2024-03-25,3,120
2024-03-25,4,177
2024-03-25,5,146
2024-03-25,6,90
2024-03-25,7,175
2024-03-25,8,92
2024-03-25,9,67
2024-03-25,10,97
2024-03-25,11,69
2024-03-25,12,153
2024-03-25,13,144
2024-03-25,14,106
2024-03-25,15,86
2024-03-26,1,108
2024-03-26,2,156
2024-03-26,3,88
2024-03-26,4,127
2024-03-26,5,129
2024-03-26,6,122
2024-03-26,7,171
2024-03-26,8,92
2024-03-26,9,62
2024-03-26,10,131
2024-03-26,11,145
2024-03-26,12,115
2024-03-26,13,130
2024-03-26,14,139
2024-03-26,15,105
2024-03-27,1,80
2024-03-27,2,116
2024-03-27,3,133
2024-03-27,4,60
2024-03-27,5,205
2024-03-27,6,110
2024-03-27,7,81
2024-03-27,8,105
2024-03-27,9,18
2024-03-27,10,104
2024-03-27,11,145
2024-03-27,12,132
2024-03-27,13,129
2024-03-27,14,43
2024-03-27,15,45
2024-03-28,1,82
2024-03-28,2,126
2024-03-28,3,130
2024-03-28,4,97
2024-03-28,5,85
2024-03-28,6,61
2024-03-28,7,62
2024-03-28,8,144
2024-03-28,9,102
2024-03-28,10,129
2024-03-28,11,68
2024-03-28,12,118
2024-03-28,13,129
2024-03-28,14,60
2024-03-28,15,90
2024-03-29,1,156
2024-03-29,2,140
2024-03-29,3,130
2024-03-29,4,155
2024-03-29,5,89
2024-03-29,6,131
2024-03-29,7,91
2024-03-29,8,54
2024-03-29,9,32
2024-03-29,10,64
2024-03-29,11,83
2024-03-29,12,66
2024-03-29,13,119
2024-03-29,14,95
2024-03-29,15,58
2024-03-30,1,143
2024-03-30,2,149
2024-03-30,3,86
2024-03-30,4,90
2024-03-30,5,161
2024-03-30,6,116
2024-03-30,7,116
2024-03-30,8,138
2024-03-30,9,63
2024-03-30,10,72
2024-03-30,11,115
2024-03-30,12,130
2024-03-30,13,162
2024-03-30,14,104
2024-03-30,15,67
2024-03-31,1,104
2024-03-31,2,108
2024-03-31,3,123
2024-03-31,4,169
2024-03-31,5,116
2024-03-31,6,140
2024-03-31,7,103
2024-03-31,8,85
2024-03-31,9,63
2024-03-31,10,114
2024-03-31,11,124
2024-03-31,12,63
2024-03-31,13,111
2024-03-31,14,120
2024-03-31,15,86
2024-04-01,1,89
2024-04-01,2,145
2024-04-01,3,115
2024-04-01,4,112
2024-04-01,5,70
2024-04-01,6,89
2024-04-01,7,124
2024-04-01,8,122
2024-04-01,9,53
2024-04-01,10,86
2024-04-01,11,87
2024-04-01,12,122
2024-04-01,13,103
2024-04-01,14,79
2024-04-01,15,100
2024-04-02,1,102
2024-04-02,2,52
2024-04-02,3,163
2024-04-02,4,131
2024-04-02,5,136
2024-04-02,6,26
2024-04-02,7,96
2024-04-02,8,151
2024-04-02,9,74
2024-04-02,10,81
2024-04-02,11,91
2024-04-02,12,161
2024-04-02,13,106
2024-04-02,14,118
2024-04-02,15,69
2024-04-03,1,83
2024-04-03,2,118
2024-04-03,3,90
2024-04-03,4,96
2024-04-03,5,118
2024-04-03,6,110
2024-04-03,7,89
2024-04-03,8,96
2024-04-03,9,38
2024-04-03,10,66
2024-04-03,11,104
2024-04-03,12,75
2024-04-03,13,115
2024-04-03,14,46
2024-04-03,15,138
2024-04-04,1,108
2024-04-04,2,126
2024-04-04,3,103
2024-04-04,4,76
2024-04-04,5,125
2024-04-04,6,119
2024-04-04,7,168
2024-04-04,8,61
2024-04-04,9,91
2024-04-04,10,55
2024-04-04,11,123
2024-04-04,12,130
2024-04-04,13,155
2024-04-04,14,66
2024-04-04,15,78
2024-04-05,1,113
2024-04-05,2,127
2024-04-05,3,133
2024-04-05,4,110
2024-04-05,5,95
2024-04-05,6,109
2024-04-05,7,148
2024-04-05,8,136
2024-04-05,9,101
2024-04-05,10,123
2024-04-05,11,72
2024-04-05,12,144
2024-04-05,13,81
2024-04-05,14,80
2024-04-05,15,87
2024-04-06,1,50
2024-04-06,2,106
2024-04-06,3,128
2024-04-06,4,43
2024-04-06,5,82
2024-04-06,6,117
2024-04-06,7,91
2024-04-06,8,66
2024-04-06,9,103
2024-04-06,10,140
2024-04-06,11,82
2024-04-06,12,86
2024-04-06,13,67
2024-04-06,14,53
2024-04-06,15,18
2024-04-07,1,46
2024-04-07,2,130
2024-04-07,3,130
2024-04-07,4,121
2024-04-07,5,141
2024-04-07,6,148
2024-04-07,7,66
2024-04-07,8,79
2024-04-07,9,116
2024-04-07,10,106
2024-04-07,11,117
2024-04-07,12,98
2024-04-07,13,125
2024-04-07,14,73
2024-04-07,15,98
2024-04-08,1,88
2024-04-08,2,144
2024-04-08,3,102
2024-04-08,4,116
2024-04-08,5,73
2024-04-08,6,65
2024-04-08,7,122
2024-04-08,8,84
2024-04-08,9,96
2024-04-08,10,62
2024-04-08,11,84
2024-04-08,12,111
2024-04-08,13,122
2024-04-08,14,73
2024-04-08,15,84
2024-04-09,1,126
2024-04-09,2,116
2024-04-09,3,125
2024-04-09,4,134
2024-04-09,5,114
2024-04-09,6,74
2024-04-09,7,90
2024-04-09,8,46
2024-04-09,9,49
2024-04-09,10,77
2024-04-09,11,130
2024-04-09,12,105
2024-04-09,13,98
2024-04-09,14,70
2024-04-09,15,79
2024-04-10,1,77
2024-04-10,2,191
2024-04-10,3,125
2024-04-10,4,127
2024-04-10,5,134
2024-04-10,6,73
2024-04-10,7,112
2024-04-10,8,115
2024-04-10,9,77
2024-04-10,10,129
2024-04-10,11,85
2024-04-10,12,97
2024-04-10,13,129
2024-04-10,14,76
2024-04-10,15,87
2024-04-11,1,95
2024-04-11,2,104
2024-04-11,3,81
2024-04-11,4,114
2024-04-11,5,124
2024-04-11,6,73
2024-04-11,7,110
2024-04-11,8,118
2024-04-11,9,120
2024-04-11,10,111
2024-04-11,11,96
2024-04-11,12,73
2024-04-11,13,132
2024-04-11,14,63
2024-04-11,15,56
2024-04-12,1,96
2024-04-12,2,108
2024-04-12,3,164
2024-04-12,4,94
2024-04-12,5,146
2024-04-12,6,107
2024-04-12,7,130
2024-04-12,8,98
2024-04-12,9,160
2024-04-12,10,161
2024-04-12,11,79
2024-04-12,12,60
2024-04-12,13,186
2024-04-12,14,88
2024-04-12,15,48
2024-04-13,1,72
2024-04-13,2,119
2024-04-13,3,157
2024-04-13,4,125
2024-04-13,5,133
2024-04-13,6,110
2024-04-13,7,111
2024-04-13,8,103
2024-04-13,9,91
2024-04-13,10,71
2024-04-13,11,94
2024-04-13,12,33
2024-04-13,13,152
2024-04-13,14,51
2024-04-13,15,66
2024-04-14,1,114
2024-04-14,2,152
2024-04-14,3,127
2024-04-14,4,95
2024-04-14,5,126
2024-04-14,6,159
2024-04-14,7,65
2024-04-14,8,81
2024-04-14,9,62
2024-04-14,10,133
2024-04-14,11,105
2024-04-14,12,119
2024-04-14,13,142
2024-04-14,14,99
2024-04-14,15,124
2024-04-15,1,108
2024-04-15,2,108
2024-04-15,3,140
2024-04-15,4,111
2024-04-15,5,70
2024-04-15,6,106
2024-04-15,7,101
2024-04-15,8,144
2024-04-15,9,90
2024-04-15,10,96
2024-04-15,11,127
2024-04-15,12,103
2024-04-15,13,104
2024-04-15,14,112
2024-04-15,15,70
2024-04-16,1,147
2024-04-16,2,99
2024-04-16,3,118
2024-04-16,4,117
2024-04-16,5,107
2024-04-16,6,106
2024-04-16,7,74
2024-04-16,8,176
2024-04-16,9,107
2024-04-16,10,110
2024-04-16,11,166
2024-04-16,12,113
2024-04-16,13,114
2024-04-16,14,83
2024-04-16,15,113
2024-04-17,1,23
2024-04-17,2,149
2024-04-17,3,188
2024-04-17,4,80
2024-04-17,5,92
2024-04-17,6,98
2024-04-17,7,97
2024-04-17,8,115
2024-04-17,9,79
2024-04-17,10,132
2024-04-17,11,116
2024-04-17,12,125
2024-04-17,13,118
2024-04-17,14,50
2024-04-17,15,78
2024-04-18,1,159
2024-04-18,2,35
2024-04-18,3,144
2024-04-18,4,115
2024-04-18,5,178
2024-04-18,6,113
2024-04-18,7,153
2024-04-18,8,102
2024-04-18,9,33
2024-04-18,10,117
2024-04-18,11,113
2024-04-18,12,74
2024-04-18,13,108
2024-04-18,14,29
2024-04-18,15,110
2024-04-19,1,109
2024-04-19,2,134
2024-04-19,3,149
2024-04-19,4,98
2024-04-19,5,104
2024-04-19,6,150
2024-04-19,7,103
2024-04-19,8,146
2024-04-19,9,62
2024-04-19,10,74
2024-04-19,11,111
2024-04-19,12,152
2024-04-19,13,147
2024-04-19,14,143
2024-04-19,15,107
2024-04-20,1,86
2024-04-20,2,108
2024-04-20,3,121
2024-04-20,4,115
2024-04-20,5,126
2024-04-20,6,135
2024-04-20,7,113
2024-04-20,8,163
2024-04-20,9,123
2024-04-20,10,113
2024-04-20,11,103
2024-04-20,12,78
2024-04-20,13,105
2024-04-20,14,55
2024-04-20,15,42
2024-04-21,1,71
2024-04-21,2,199
2024-04-21,3,155
2024-04-21,4,129
2024-04-21,5,157
2024-04-21,6,140
2024-04-21,7,62
2024-04-21,8,37
2024-04-21,9,31
2024-04-21,10,68
2024-04-21,11,59
2024-04-21,12,104
2024-04-21,13,136
2024-04-21,14,45
2024-04-21,15,134
2024-04-22,1,67
2024-04-22,2,131
2024-04-22,3,107
2024-04-22,4,138
2024-04-22,5,131
2024-04-22,6,141
2024-04-22,7,119
2024-04-22,8,84
2024-04-22,9,87
2024-04-22,10,75
2024-04-22,11,51
2024-04-22,12,116
2024-04-22,13,90
2024-04-22,14,77
2024-04-22,15,110
2024-04-23,1,122
2024-04-23,2,165
2024-04-23,3,136
2024-04-23,4,135
2024-04-23,5,126
2024-04-23,6,201
2024-04-23,7,54
2024-04-23,8,56
2024-04-23,9,41
2024-04-23,10,67
2024-04-23,11,38
2024-04-23,12,128
2024-04-23,13,108
2024-04-23,14,81
2024-04-23,15,108
2024-04-24,1,60
2024-04-24,2,68
2024-04-24,3,133
2024-04-24,4,134
2024-04-24,5,129
2024-04-24,6,128
2024-04-24,7,57
2024-04-24,8,119
2024-04-24,9,130
2024-04-24,10,115
2024-04-24,11,32
2024-04-24,12,127
2024-04-24,13,111
2024-04-24,14,74
2024-04-24,15,75
2024-04-25,1,85
2024-04-25,2,119
2024-04-25,3,71
2024-04-25,4,59
2024-04-25,5,151
2024-04-25,6,161
2024-04-25,7,79
2024-04-25,8,162
2024-04-25,9,38
2024-04-25,10,67
2024-04-25,11,69
2024-04-25,12,32
2024-04-25,13,123
2024-04-25,14,87
2024-04-25,15,126
2024-04-26,1,117
2024-04-26,2,147
2024-04-26,3,101
2024-04-26,4,114
2024-04-26,5,145
2024-04-26,6,104
2024-04-26,7,139
2024-04-26,8,95
2024-04-26,9,47
2024-04-26,10,123
2024-04-26,11,148
2024-04-26,12,77
2024-04-26,13,108
2024-04-26,14,55
2024-04-26,15,90
2024-04-27,1,140
2024-04-27,2,112
2024-04-27,3,93
2024-04-27,4,100
2024-04-27,5,84
2024-04-27,6,88
2024-04-27,7,58
2024-04-27,8,75
2024-04-27,9,67
2024-04-27,10,77
2024-04-27,11,115
2024-04-27,12,88
2024-04-27,13,132
2024-04-27,14,53
2024-04-27,15,99
2024-04-28,1,138
2024-04-28,2,85
2024-04-28,3,69
2024-04-28,4,130
2024-04-28,5,117
2024-04-28,6,151
2024-04-28,7,113
2024-04-28,8,110
2024-04-28,9,20
2024-04-28,10,72
2024-04-28,11,65
2024-04-28,12,103
2024-04-28,13,153
2024-04-28,14,103
2024-04-28,15,70
2024-04-29,1,81
2024-04-29,2,97
2024-04-29,3,152
2024-04-29,4,163
2024-04-29,5,168
2024-04-29,6,145
2024-04-29,7,76
2024-04-29,8,68
2024-04-29,9,79
2024-04-29,10,119
2024-04-29,11,26
2024-04-29,12,140
2024-04-29,13,145
2024-04-29,14,69
2024-04-29,15,10
2024-04-30,1,125
2024-04-30,2,157
2024-04-30,3,76
2024-04-30,4,166
2024-04-30,5,109
2024-04-30,6,101
2024-04-30,7,142
2024-04-30,8,41
2024-04-30,9,74
2024-04-30,10,92
2024-04-30,11,72
2024-04-30,12,100
2024-04-30,13,127
2024-04-30,14,56
2024-04-30,15,59
2024-05-01,1,86
2024-05-01,2,110
2024-05-01,3,122
2024-05-01,4,96
2024-05-01,5,128
2024-05-01,6,155
2024-05-01,7,61
2024-05-01,8,129
2024-05-01,9,55
2024-05-01,10,40
2024-05-01,11,93
2024-05-01,12,85
2024-05-01,13,121
2024-05-01,14,23
2024-05-01,15,60
2024-05-02,1,154
2024-05-02,2,79
2024-05-02,3,165
2024-05-02,4,56
2024-05-02,5,109
2024-05-02,6,99
2024-05-02,7,81
2024-05-02,8,96
2024-05-02,9,113
2024-05-02,10,45
2024-05-02,11,168
2024-05-02,12,67
2024-05-02,13,123
2024-05-02,14,48
2024-05-02,15,99
2024-05-03,1,57
2024-05-03,2,129
2024-05-03,3,126
2024-05-03,4,120
2024-05-03,5,104
2024-05-03,6,78
2024-05-03,7,85
2024-05-03,8,122
2024-05-03,9,63
2024-05-03,10,103
2024-05-03,11,97
2024-05-03,12,109
2024-05-03,13,98
2024-05-03,14,102
2024-05-03,15,89
2024-05-04,1,176
2024-05-04,2,147
2024-05-04,3,180
2024-05-04,4,127
2024-05-04,5,167
2024-05-04,6,75
2024-05-04,7,120
2024-05-04,8,99
2024-05-04,9,49
2024-05-04,10,83
2024-05-04,11,90
2024-05-04,12,139
2024-05-04,13,145
2024-05-04,14,41
2024-05-04,15,152
2024-05-05,1,134
2024-05-05,2,118
2024-05-05,3,139
2024-05-05,4,123
2024-05-05,5,127
2024-05-05,6,129
2024-05-05,7,90
2024-05-05,8,79
2024-05-05,9,84
2024-05-05,10,130
2024-05-05,11,73
2024-05-05,12,116
2024-05-05,13,105
2024-05-05,14,36
2024-05-05,15,145
2024-05-06,1,84
2024-05-06,2,120
2024-05-06,3,98
2024-05-06,4,104
2024-05-06,5,173
2024-05-06,6,73
2024-05-06,7,138
2024-05-06,8,92
2024-05-06,9,92
2024-05-06,10,56
2024-05-06,11,98
2024-05-06,12,131
2024-05-06,13,170
2024-05-06,14,69
2024-05-06,15,47
2024-05-07,1,82
2024-05-07,2,108
2024-05-07,3,161
2024-05-07,4,130
2024-05-07,5,128
2024-05-07,6,140
2024-05-07,7,90
2024-05-07,8,57
2024-05-07,9,84
2024-05-07,10,108
2024-05-07,11,54
2024-05-07,12,99
2024-05-07,13,144
2024-05-07,14,15
2024-05-07,15,126
2024-05-08,1,92
2024-05-08,2,81
2024-05-08,3,148
2024-05-08,4,143
2024-05-08,5,126
2024-05-08,6,134
2024-05-08,7,46
2024-05-08,8,129
2024-05-08,9,61
2024-05-08,10,71
2024-05-08,11,129
2024-05-08,12,67
2024-05-08,13,159
2024-05-08,14,93
2024-05-08,15,114
2024-05-09,1,70
2024-05-09,2,148
2024-05-09,3,132
2024-05-09,4,118
2024-05-09,5,93
2024-05-09,6,117
2024-05-09,7,45
2024-05-09,8,68
2024-05-09,9,78
2024-05-09,10,74
2024-05-09,11,113
2024-05-09,12,102
2024-05-09,13,136
2024-05-09,14,120
2024-05-09,15,124
2024-05-10,1,125
2024-05-10,2,108
2024-05-10,3,166
2024-05-10,4,10
2024-05-10,5,109
2024-05-10,6,162
2024-05-10,7,66
2024-05-10,8,141
2024-05-10,9,78
2024-05-10,10,68
2024-05-10,11,111
2024-05-10,12,137
2024-05-10,13,145
2024-05-10,14,81
2024-05-10,15,12
2024-05-11,1,91
2024-05-11,2,165
2024-05-11,3,98
2024-05-11,4,154
2024-05-11,5,78
2024-05-11,6,157
2024-05-11,7,43
2024-05-11,8,79
2024-05-11,9,61
2024-05-11,10,38
2024-05-11,11,98
2024-05-11,12,91
2024-05-11,13,106
2024-05-11,14,31
2024-05-11,15,51
2024-05-12,1,51
2024-05-12,2,156
2024-05-12,3,76
2024-05-12,4,132
2024-05-12,5,143
2024-05-12,6,64
2024-05-12,7,91
2024-05-12,8,71
2024-05-12,9,65
2024-05-12,10,56
2024-05-12,11,139
2024-05-12,12,36
2024-05-12,13,112
2024-05-12,14,96
2024-05-12,15,133
2024-05-13,1,79
2024-05-13,2,150
2024-05-13,3,129
2024-05-13,4,176
2024-05-13,5,116
2024-05-13,6,141
2024-05-13,7,121
2024-05-13,8,110
2024-05-13,9,48
2024-05-13,10,58
2024-05-13,11,72
2024-05-13,12,112
2024-05-13,13,107
2024-05-13,14,41
2024-05-13,15,87
2024-05-14,1,94
2024-05-14,2,74
2024-05-14,3,111
2024-05-14,4,106
2024-05-14,5,138
2024-05-14,6,68
2024-05-14,7,102
2024-05-14,8,106
2024-05-14,9,43
2024-05-14,10,121
2024-05-14,11,100
2024-05-14,12,81
2024-05-14,13,109
2024-05-14,14,65
2024-05-14,15,77
2024-05-15,1,139
2024-05-15,2,70
2024-05-15,3,110
2024-05-15,4,89
2024-05-15,5,129
2024-05-15,6,124
2024-05-15,7,142
2024-05-15,8,99
2024-05-15,9,116
2024-05-15,10,108
2024-05-15,11,86
2024-05-15,12,112
2024-05-15,13,89
2024-05-15,14,103
2024-05-15,15,71
2024-05-16,1,85
2024-05-16,2,107
2024-05-16,3,135
2024-05-16,4,101
2024-05-16,5,91
2024-05-16,6,99
2024-05-16,7,51
2024-05-16,8,81
2024-05-16,9,51
2024-05-16,10,104
2024-05-16,11,77
2024-05-16,12,101
2024-05-16,13,46
2024-05-16,14,75
2024-05-16,15,73
2024-05-17,1,120
2024-05-17,2,147
2024-05-17,3,62
2024-05-17,4,196
2024-05-17,5,114
2024-05-17,6,108
2024-05-17,7,64
2024-05-17,8,129
2024-05-17,9,58
2024-05-17,10,139
2024-05-17,11,82
2024-05-17,12,94
2024-05-17,13,181
2024-05-17,14,77
2024-05-17,15,52
2024-05-18,1,97
2024-05-18,2,137
2024-05-18,3,117
2024-05-18,4,108
2024-05-18,5,170
2024-05-18,6,113
2024-05-18,7,112
2024-05-18,8,56
2024-05-18,9,92
2024-05-18,10,55
2024-05-18,11,124
2024-05-18,12,102
2024-05-18,13,66
2024-05-18,14,70
2024-05-18,15,155
2024-05-19,1,139
2024-05-19,2,124
2024-05-19,3,94
2024-05-19,4,140
2024-05-19,5,130
2024-05-19,6,113
2024-05-19,7,56
2024-05-19,8,101
2024-05-19,9,62
2024-05-19,10,102
2024-05-19,11,67
2024-05-19,12,109
2024-05-19,13,190
2024-05-19,14,151
2024-05-19,15,92
2024-05-20,1,149
2024-05-20,2,107
2024-05-20,3,91
2024-05-20,4,157
2024-05-20,5,92
2024-05-20,6,158
2024-05-20,7,59
2024-05-20,8,112
2024-05-20,9,48
2024-05-20,10,69
2024-05-20,11,123
2024-05-20,12,142
2024-05-20,13,100
2024-05-20,14,114
2024-05-20,15,68
2024-05-21,1,102
2024-05-21,2,101
2024-05-21,3,103
2024-05-21,4,99
2024-05-21,5,77
2024-05-21,6,99
2024-05-21,7,78
2024-05-21,8,158
2024-05-21,9,107
2024-05-21,10,76
2024-05-21,11,84
2024-05-21,12,108
2024-05-21,13,119
2024-05-21,14,60
2024-05-21,15,103
2024-05-22,1,86
2024-05-22,2,139
2024-05-22,3,155
2024-05-22,4,128
2024-05-22,5,109
2024-05-22,6,146
2024-05-22,7,132
2024-05-22,8,149
2024-05-22,9,125
2024-05-22,10,77
2024-05-22,11,38
2024-05-22,12,93
2024-05-22,13,100
2024-05-22,14,90
2024-05-22,15,76
2024-05-23,1,54
2024-05-23,2,153
2024-05-23,3,100
2024-05-23,4,119
2024-05-23,5,159
2024-05-23,6,109
2024-05-23,7,88
2024-05-23,8,123
2024-05-23,9,102
2024-05-23,10,42
2024-05-23,11,99
2024-05-23,12,113
2024-05-23,13,82
2024-05-23,14,118
2024-05-23,15,100
2024-05-24,1,139
2024-05-24,2,146
2024-05-24,3,115
2024-05-24,4,122
2024-05-24,5,96
2024-05-24,6,134
2024-05-24,7,49
2024-05-24,8,100
2024-05-24,9,44
2024-05-24,10,121
2024-05-24,11,13
2024-05-24,12,70
2024-05-24,13,106
2024-05-24,14,69
2024-05-24,15,89
2024-05-25,1,91
2024-05-25,2,99
2024-05-25,3,133
2024-05-25,4,141
2024-05-25,5,171
2024-05-25,6,105
2024-05-25,7,95
2024-05-25,8,108
2024-05-25,9,50
2024-05-25,10,57
2024-05-25,11,108
2024-05-25,12,131
2024-05-25,13,115
2024-05-25,14,94
2024-05-25,15,69
2024-05-26,1,122
2024-05-26,2,106
2024-05-26,3,165
2024-05-26,4,134
2024-05-26,5,93
2024-05-26,6,108
2024-05-26,7,92
2024-05-26,8,92
2024-05-26,9,88
2024-05-26,10,83
2024-05-26,11,44
2024-05-26,12,98
2024-05-26,13,98
2024-05-26,14,86
2024-05-26,15,86
2024-05-27,1,60
2024-05-27,2,74
2024-05-27,3,117
2024-05-27,4,123
2024-05-27,5,104
2024-05-27,6,128
2024-05-27,7,112
2024-05-27,8,119
2024-05-27,9,51
2024-05-27,10,112
2024-05-27,11,67
2024-05-27,12,76
2024-05-27,13,141
2024-05-27,14,80
2024-05-27,15,68
2024-05-28,1,58
2024-05-28,2,144
2024-05-28,3,84
2024-05-28,4,50
2024-05-28,5,94
2024-05-28,6,138
2024-05-28,7,92
2024-05-28,8,86
2024-05-28,9,45
2024-05-28,10,89
2024-05-28,11,89
2024-05-28,12,53
2024-05-28,13,61
2024-05-28,14,115
2024-05-28,15,139
2024-05-29,1,126
2024-05-29,2,121
2024-05-29,3,103
2024-05-29,4,116
2024-05-29,5,138
2024-05-29,6,130
2024-05-29,7,170
2024-05-29,8,120
2024-05-29,9,99
2024-05-29,10,114
2024-05-29,11,99
2024-05-29,12,94
2024-05-29,13,108
2024-05-29,14,90
2024-05-29,15,109
2024-05-30,1,106
2024-05-30,2,92
2024-05-30,3,94
2024-05-30,4,127
2024-05-30,5,129
2024-05-30,6,83
2024-05-30,7,56
2024-05-30,8,86
2024-05-30,9,54
2024-05-30,10,98
2024-05-30,11,106
2024-05-30,12,105
2024-05-30,13,118
2024-05-30,14,71
2024-05-30,15,94
2024-05-31,1,68
2024-05-31,2,184
2024-05-31,3,82
2024-05-31,4,127
2024-05-31,5,155
2024-05-31,6,85
2024-05-31,7,103
2024-05-31,8,166
2024-05-31,9,60
2024-05-31,10,75
2024-05-31,11,97
2024-05-31,12,70
2024-05-31,13,138
2024-05-31,14,42
2024-05-31,15,107
2024-06-01,1,66
2024-06-01,2,128
2024-06-01,3,141
2024-06-01,4,104
2024-06-01,5,121
2024-06-01,6,137
2024-06-01,7,67
2024-06-01,8,84
2024-06-01,9,38
2024-06-01,10,109
2024-06-01,11,80
2024-06-01,12,116
2024-06-01,13,167
2024-06-01,14,45
2024-06-01,15,53
2024-06-02,1,74
2024-06-02,2,154
2024-06-02,3,113
2024-06-02,4,150
2024-06-02,5,199
2024-06-02,6,78
2024-06-02,7,80
2024-06-02,8,127
2024-06-02,9,65
2024-06-02,10,51
2024-06-02,11,56
2024-06-02,12,74
2024-06-02,13,71
2024-06-02,14,63
2024-06-02,15,102
2024-06-03,1,66
2024-06-03,2,131
2024-06-03,3,104
2024-06-03,4,138
2024-06-03,5,70
2024-06-03,6,109
2024-06-03,7,125
2024-06-03,8,136
2024-06-03,9,86
2024-06-03,10,82
2024-06-03,11,91
2024-06-03,12,99
2024-06-03,13,150
2024-06-03,14,58
2024-06-03,15,38
2024-06-04,1,113
2024-06-04,2,119
2024-06-04,3,113
2024-06-04,4,174
2024-06-04,5,92
2024-06-04,6,61
2024-06-04,7,115
2024-06-04,8,77
2024-06-04,9,78
2024-06-04,10,143
2024-06-04,11,26
2024-06-04,12,77
2024-06-04,13,150
2024-06-04,14,118
2024-06-04,15,57
2024-06-05,1,100
2024-06-05,2,130
2024-06-05,3,128
2024-06-05,4,95
2024-06-05,5,117
2024-06-05,6,101
2024-06-05,7,113
2024-06-05,8,59
2024-06-05,9,58
2024-06-05,10,60
2024-06-05,11,95
2024-06-05,12,115
2024-06-05,13,125
2024-06-05,14,125
2024-06-05,15,75
2024-06-06,1,71
2024-06-06,2,99
2024-06-06,3,94
2024-06-06,4,110
2024-06-06,5,75
2024-06-06,6,122
2024-06-06,7,111
2024-06-06,8,105
2024-06-06,9,121
2024-06-06,10,143
2024-06-06,11,87
2024-06-06,12,132
2024-06-06,13,78
2024-06-06,14,133
2024-06-06,15,84
2024-06-07,1,112
2024-06-07,2,94
2024-06-07,3,142
2024-06-07,4,127
2024-06-07,5,150
2024-06-07,6,109
2024-06-07,7,93
2024-06-07,8,88
2024-06-07,9,113
2024-06-07,10,43
2024-06-07,11,117
2024-06-07,12,133
2024-06-07,13,171
2024-06-07,14,99
2024-06-07,15,53
2024-06-08,1,120
2024-06-08,2,173
2024-06-08,3,127
2024-06-08,4,108
2024-06-08,5,181
2024-06-08,6,72
2024-06-08,7,86
2024-06-08,8,147
2024-06-08,9,46
2024-06-08,10,130
2024-06-08,11,32
2024-06-08,12,124
2024-06-08,13,147
2024-06-08,14,44
2024-06-08,15,80
2024-06-09,1,58
2024-06-09,2,88
2024-06-09,3,120
2024-06-09,4,175
2024-06-09,5,159
2024-06-09,6,79
2024-06-09,7,122
2024-06-09,8,60
2024-06-09,9,121
2024-06-09,10,54
2024-06-09,11,120
2024-06-09,12,85
2024-06-09,13,60
2024-06-09,14,76
2024-06-09,15,62
2024-06-10,1,122
2024-06-10,2,92
2024-06-10,3,155
2024-06-10,4,183
2024-06-10,5,93
2024-06-10,6,106
2024-06-10,7,163
2024-06-10,8,112
2024-06-10,9,61
2024-06-10,10,98
2024-06-10,11,74
2024-06-10,12,94
2024-06-10,13,115
2024-06-10,14,85
2024-06-10,15,101
2024-06-11,1,136
2024-06-11,2,132
2024-06-11,3,101
2024-06-11,4,162
2024-06-11,5,155
2024-06-11,6,95
2024-06-11,7,107
2024-06-11,8,98
2024-06-11,9,68
2024-06-11,10,102
2024-06-11,11,146
2024-06-11,12,103
2024-06-11,13,90
2024-06-11,14,65
2024-06-11,15,49
2024-06-12,1,95
2024-06-12,2,143
2024-06-12,3,91
2024-06-12,4,80
2024-06-12,5,58
2024-06-12,6,78
2024-06-12,7,145
2024-06-12,8,147
2024-06-12,9,69
2024-06-12,10,127
2024-06-12,11,92
2024-06-12,12,85
2024-06-12,13,181
2024-06-12,14,75
2024-06-12,15,104
2024-06-13,1,90
2024-06-13,2,66
2024-06-13,3,117
2024-06-13,4,123
2024-06-13,5,84
2024-06-13,6,117
2024-06-13,7,78
2024-06-13,8,137
2024-06-13,9,59
2024-06-13,10,81
2024-06-13,11,79
2024-06-13,12,95
2024-06-13,13,80
2024-06-13,14,78
2024-06-13,15,126
2024-06-14,1,98
2024-06-14,2,154
2024-06-14,3,63
2024-06-14,4,53
2024-06-14,5,153
2024-06-14,6,117
2024-06-14,7,106
2024-06-14,8,99
2024-06-14,9,103
2024-06-14,10,60
2024-06-14,11,95
2024-06-14,12,117
2024-06-14,13,100
2024-06-14,14,63
2024-06-14,15,40
2024-06-15,1,71
2024-06-15,2,58
2024-06-15,3,141
2024-06-15,4,42
2024-06-15,5,74
2024-06-15,6,125
2024-06-15,7,90
2024-06-15,8,89
2024-06-15,9,96
2024-06-15,10,75
2024-06-15,11,93
2024-06-15,12,106
2024-06-15,13,123
2024-06-15,14,65
2024-06-15,15,83
2024-06-16,1,145
2024-06-16,2,120
2024-06-16,3,94
2024-06-16,4,149
2024-06-16,5,178
2024-06-16,6,91
2024-06-16,7,127
2024-06-16,8,68
2024-06-16,9,117
2024-06-16,10,86
2024-06-16,11,145
2024-06-16,12,100
2024-06-16,13,165
2024-06-16,14,63
2024-06-16,15,36
2024-06-17,1,102
2024-06-17,2,166
2024-06-17,3,116
2024-06-17,4,179
2024-06-17,5,128
2024-06-17,6,193
2024-06-17,7,97
2024-06-17,8,129
2024-06-17,9,109
2024-06-17,10,80
2024-06-17,11,114
2024-06-17,12,100
2024-06-17,13,157
2024-06-17,14,91
2024-06-17,15,53
2024-06-18,1,96
2024-06-18,2,105
2024-06-18,3,108
2024-06-18,4,98
2024-06-18,5,86
2024-06-18,6,106
2024-06-18,7,148
2024-06-18,8,82
2024-06-18,9,109
2024-06-18,10,127
2024-06-18,11,93
2024-06-18,12,138
2024-06-18,13,78
2024-06-18,14,40
2024-06-18,15,119
2024-06-19,1,105
2024-06-19,2,170
2024-06-19,3,69
2024-06-19,4,163
2024-06-19,5,127
2024-06-19,6,103
2024-06-19,7,133
2024-06-19,8,51
2024-06-19,9,41
2024-06-19,10,108
2024-06-19,11,20
2024-06-19,12,109
2024-06-19,13,166
2024-06-19,14,98
2024-06-19,15,76
2024-06-20,1,101
2024-06-20,2,79
2024-06-20,3,72
2024-06-20,4,118
2024-06-20,5,78
2024-06-20,6,93
2024-06-20,7,61
2024-06-20,8,134
2024-06-20,9,87
2024-06-20,10,129
2024-06-20,11,19
2024-06-20,12,90
2024-06-20,13,161
2024-06-20,14,127
2024-06-20,15,47
2024-06-21,1,87
2024-06-21,2,99
2024-06-21,3,103
2024-06-21,4,137
2024-06-21,5,74
2024-06-21,6,148
2024-06-21,7,44
2024-06-21,8,102
2024-06-21,9,134
2024-06-21,10,103
2024-06-21,11,114
2024-06-21,12,64
2024-06-21,13,122
2024-06-21,14,63
2024-06-21,15,89
2024-06-22,1,71
2024-06-22,2,160
2024-06-22,3,128
2024-06-22,4,135
2024-06-22,5,133
2024-06-22,6,124
2024-06-22,7,120
2024-06-22,8,50
2024-06-22,9,120
2024-06-22,10,120
2024-06-22,11,67
2024-06-22,12,75
2024-06-22,13,106
2024-06-22,14,86
2024-06-22,15,31
2024-06-23,1,76
2024-06-23,2,82
2024-06-23,3,172
2024-06-23,4,140
2024-06-23,5,115
2024-06-23,6,98
2024-06-23,7,70
2024-06-23,8,136
2024-06-23,9,57
2024-06-23,10,126
2024-06-23,11,10
2024-06-23,12,125
2024-06-23,13,138
2024-06-23,14,79
2024-06-23,15,94
2024-06-24,1,79
2024-06-24,2,150
2024-06-24,3,163
2024-06-24,4,94
2024-06-24,5,154
2024-06-24,6,122
2024-06-24,7,52
2024-06-24,8,130
2024-06-24,9,60
2024-06-24,10,92
2024-06-24,11,117
2024-06-24,12,133
2024-06-24,13,79
2024-06-24,14,80
2024-06-24,15,45
2024-06-25,1,75
2024-06-25,2,146
2024-06-25,3,168
2024-06-25,4,86
2024-06-25,5,78
2024-06-25,6,94
2024-06-25,7,81
2024-06-25,8,76
2024-06-25,9,121
2024-06-25,10,121
2024-06-25,11,156
2024-06-25,12,96
2024-06-25,13,142
2024-06-25,14,44
2024-06-25,15,63
2024-06-26,1,81
2024-06-26,2,130
2024-06-26,3,123
2024-06-26,4,60
2024-06-26,5,140
2024-06-26,6,135
2024-06-26,7,129
2024-06-26,8,91
2024-06-26,9,90
2024-06-26,10,104
2024-06-26,11,155
2024-06-26,12,46
2024-06-26,13,155
2024-06-26,14,100
2024-06-26,15,91
2024-06-27,1,98
2024-06-27,2,129
2024-06-27,3,125
2024-06-27,4,127
2024-06-27,5,96
2024-06-27,6,105
2024-06-27,7,103
2024-06-27,8,58
2024-06-27,9,94
2024-06-27,10,86
2024-06-27,11,64
2024-06-27,12,94
2024-06-27,13,140
2024-06-27,14,80
2024-06-27,15,95
2024-06-28,1,104
2024-06-28,2,138
2024-06-28,3,150
2024-06-28,4,76
2024-06-28,5,96
2024-06-28,6,123
2024-06-28,7,94
2024-06-28,8,79
2024-06-28,9,10
2024-06-28,10,129
2024-06-28,11,62
2024-06-28,12,127
2024-06-28,13,87
2024-06-28,14,106
2024-06-28,15,30
2024-06-29,1,83
2024-06-29,2,82
2024-06-29,3,178
2024-06-29,4,103
2024-06-29,5,101
2024-06-29,6,84
2024-06-29,7,118
2024-06-29,8,111
2024-06-29,9,112
2024-06-29,10,109
2024-06-29,11,79
2024-06-29,12,50
2024-06-29,13,95
2024-06-29,14,88
2024-06-29,15,126
2024-06-30,1,153
2024-06-30,2,87
2024-06-30,3,118
2024-06-30,4,123
2024-06-30,5,127
2024-06-30,6,125
2024-06-30,7,73
2024-06-30,8,96
2024-06-30,9,65
2024-06-30,10,94
2024-06-30,11,131
2024-06-30,12,99
2024-06-30,13,95
2024-06-30,14,126
2024-06-30,15,82
2024-07-01,1,98
2024-07-01,2,125
2024-07-01,3,129
2024-07-01,4,186
2024-07-01,5,192
2024-07-01,6,135
2024-07-01,7,119
2024-07-01,8,92
2024-07-01,9,48
2024-07-01,10,131
2024-07-01,11,31
2024-07-01,12,99
2024-07-01,13,154
2024-07-01,14,95
2024-07-01,15,111
2024-07-02,1,84
2024-07-02,2,114
2024-07-02,3,140
2024-07-02,4,119
2024-07-02,5,99
2024-07-02,6,150
2024-07-02,7,112
2024-07-02,8,68
2024-07-02,9,46
2024-07-02,10,91
2024-07-02,11,74
2024-07-02,12,94
2024-07-02,13,88
2024-07-02,14,104
2024-07-02,15,114
2024-07-03,1,66
2024-07-03,2,84
2024-07-03,3,158
2024-07-03,4,149
2024-07-03,5,97
2024-07-03,6,134
2024-07-03,7,100
2024-07-03,8,77
2024-07-03,9,100
2024-07-03,10,85
2024-07-03,11,97
2024-07-03,12,131
2024-07-03,13,86
2024-07-03,14,129
2024-07-03,15,81
2024-07-04,1,120
2024-07-04,2,82
2024-07-04,3,135
2024-07-04,4,76
2024-07-04,5,129
2024-07-04,6,121
2024-07-04,7,69
2024-07-04,8,107
2024-07-04,9,53
2024-07-04,10,63
2024-07-04,11,97
2024-07-04,12,78
2024-07-04,13,170
2024-07-04,14,72
2024-07-04,15,73
2024-07-05,1,119
2024-07-05,2,98
2024-07-05,3,115
2024-07-05,4,123
2024-07-05,5,178
2024-07-05,6,123
2024-07-05,7,134
2024-07-05,8,136
2024-07-05,9,24
2024-07-05,10,43
2024-07-05,11,100
2024-07-05,12,86
2024-07-05,13,127
2024-07-05,14,55
2024-07-05,15,148
2024-07-06,1,109
2024-07-06,2,149
2024-07-06,3,148
2024-07-06,4,156
2024-07-06,5,137
2024-07-06,6,96
2024-07-06,7,141
2024-07-06,8,143
2024-07-06,9,87
2024-07-06,10,107
2024-07-06,11,53
2024-07-06,12,125
2024-07-06,13,163
2024-07-06,14,93
2024-07-06,15,65
2024-07-07,1,59
2024-07-07,2,105
2024-07-07,3,82
2024-07-07,4,186
2024-07-07,5,128
2024-07-07,6,142
2024-07-07,7,39
2024-07-07,8,91
2024-07-07,9,46
2024-07-07,10,123
2024-07-07,11,109
2024-07-07,12,18
2024-07-07,13,138
2024-07-07,14,105
2024-07-07,15,55
2024-07-08,1,92
2024-07-08,2,119
2024-07-08,3,117
2024-07-08,4,118
2024-07-08,5,139
2024-07-08,6,126
2024-07-08,7,126
2024-07-08,8,136
2024-07-08,9,94
2024-07-08,10,97
2024-07-08,11,35
2024-07-08,12,100
2024-07-08,13,121
2024-07-08,14,149
2024-07-08,15,94
2024-07-09,1,73
2024-07-09,2,156
2024-07-09,3,147
2024-07-09,4,104
2024-07-09,5,102
2024-07-09,6,99
2024-07-09,7,49
2024-07-09,8,145
2024-07-09,9,81
2024-07-09,10,89
2024-07-09,11,133
2024-07-09,12,92
2024-07-09,13,89
2024-07-09,14,116
2024-07-09,15,83
2024-07-10,1,91
2024-07-10,2,114
2024-07-10,3,109
2024-07-10,4,126
2024-07-10,5,91
2024-07-10,6,105
2024-07-10,7,154
2024-07-10,8,100
2024-07-10,9,81
2024-07-10,10,41
2024-07-10,11,67
2024-07-10,12,113
2024-07-10,13,138
2024-07-10,14,71
2024-07-10,15,105
2024-07-11,1,115
2024-07-11,2,132
2024-07-11,3,107
2024-07-11,4,143
2024-07-11,5,155
2024-07-11,6,157
2024-07-11,7,114
2024-07-11,8,102
2024-07-11,9,111
2024-07-11,10,83
2024-07-11,11,86
2024-07-11,12,81
2024-07-11,13,124
2024-07-11,14,58
2024-07-11,15,27
2024-07-12,1,131
2024-07-12,2,191
2024-07-12,3,91
2024-07-12,4,135
2024-07-12,5,105
2024-07-12,6,162
2024-07-12,7,19
2024-07-12,8,150
2024-07-12,9,35
2024-07-12,10,73
2024-07-12,11,121
2024-07-12,12,116
2024-07-12,13,112
2024-07-12,14,65
2024-07-12,15,68
2024-07-13,1,99
2024-07-13,2,63
2024-07-13,3,126
2024-07-13,4,156
2024-07-13,5,110
2024-07-13,6,69
2024-07-13,7,110
2024-07-13,8,64
2024-07-13,9,85
2024-07-13,10,67
2024-07-13,11,88
2024-07-13,12,99
2024-07-13,13,106
2024-07-13,14,99
2024-07-13,15,56
2024-07-14,1,75
2024-07-14,2,96
2024-07-14,3,78
2024-07-14,4,69
2024-07-14,5,108
2024-07-14,6,130
2024-07-14,7,80
2024-07-14,8,147
2024-07-14,9,78
2024-07-14,10,85
2024-07-14,11,96
2024-07-14,12,123
2024-07-14,13,106
2024-07-14,14,102
2024-07-14,15,64
2024-07-15,1,142
2024-07-15,2,186
2024-07-15,3,122
2024-07-15,4,91
2024-07-15,5,124
2024-07-15,6,145
2024-07-15,7,139
2024-07-15,8,124
2024-07-15,9,86
2024-07-15,10,103
2024-07-15,11,123
2024-07-15,12,94
2024-07-15,13,124
2024-07-15,14,95
2024-07-15,15,89
2024-07-16,1,146
2024-07-16,2,127
2024-07-16,3,93
2024-07-16,4,120
2024-07-16,5,204
2024-07-16,6,62
2024-07-16,7,122
2024-07-16,8,81
2024-07-16,9,102
2024-07-16,10,141
2024-07-16,11,73
2024-07-16,12,68
2024-07-16,13,125
2024-07-16,14,130
2024-07-16,15,79
2024-07-17,1,193
2024-07-17,2,157
2024-07-17,3,73
2024-07-17,4,131
2024-07-17,5,166
2024-07-17,6,87
2024-07-17,7,118
2024-07-17,8,95
2024-07-17,9,68
2024-07-17,10,50
2024-07-17,11,119
2024-07-17,12,106
2024-07-17,13,128
2024-07-17,14,69
2024-07-17,15,84
2024-07-18,1,69
2024-07-18,2,134
2024-07-18,3,122
2024-07-18,4,145
2024-07-18,5,148
2024-07-18,6,155
2024-07-18,7,134
2024-07-18,8,96
2024-07-18,9,63
2024-07-18,10,116
2024-07-18,11,80
2024-07-18,12,134
2024-07-18,13,83
2024-07-18,14,56
2024-07-18,15,92
2024-07-19,1,156
2024-07-19,2,103
2024-07-19,3,143
2024-07-19,4,121
2024-07-19,5,121
2024-07-19,6,119
2024-07-19,7,131
2024-07-19,8,93
2024-07-19,9,84
2024-07-19,10,127
2024-07-19,11,113
2024-07-19,12,125
2024-07-19,13,131
2024-07-19,14,61
2024-07-19,15,64
2024-07-20,1,149
2024-07-20,2,114
2024-07-20,3,84
2024-07-20,4,135
2024-07-20,5,130
2024-07-20,6,76
2024-07-20,7,64
2024-07-20,8,84
2024-07-20,9,44
2024-07-20,10,67
2024-07-20,11,54
2024-07-20,12,169
2024-07-20,13,161
2024-07-20,14,74
2024-07-20,15,72
2024-07-21,1,113
2024-07-21,2,117
2024-07-21,3,139
2024-07-21,4,108
2024-07-21,5,135
2024-07-21,6,116
2024-07-21,7,63
2024-07-21,8,120
2024-07-21,9,85
2024-07-21,10,93
2024-07-21,11,98
2024-07-21,12,63
2024-07-21,13,166
2024-07-21,14,126
2024-07-21,15,62
2024-07-22,1,116
2024-07-22,2,132
2024-07-22,3,96
2024-07-22,4,158
2024-07-22,5,176
2024-07-22,6,102
2024-07-22,7,101
2024-07-22,8,94
2024-07-22,9,116
2024-07-22,10,132
2024-07-22,11,47
2024-07-22,12,44
2024-07-22,13,119
2024-07-22,14,95
2024-07-22,15,69
2024-07-23,1,105
2024-07-23,2,126
2024-07-23,3,109
2024-07-23,4,133
2024-07-23,5,120
2024-07-23,6,124
2024-07-23,7,98
2024-07-23,8,141
2024-07-23,9,92
2024-07-23,10,79
2024-07-23,11,104
2024-07-23,12,99
2024-07-23,13,137
2024-07-23,14,102
2024-07-23,15,102
2024-07-24,1,145
2024-07-24,2,127
2024-07-24,3,144
2024-07-24,4,120
2024-07-24,5,125
2024-07-24,6,124
2024-07-24,7,93
2024-07-24,8,96
2024-07-24,9,65
2024-07-24,10,119
2024-07-24,11,86
2024-07-24,12,119
2024-07-24,13,122
2024-07-24,14,55
2024-07-24,15,51
2024-07-25,1,141
2024-07-25,2,95
2024-07-25,3,88
2024-07-25,4,139
2024-07-25,5,68
2024-07-25,6,86
2024-07-25,7,79
2024-07-25,8,139
2024-07-25,9,88
2024-07-25,10,137
2024-07-25,11,110
2024-07-25,12,106
2024-07-25,13,148
2024-07-25,14,115
2024-07-25,15,153
2024-07-26,1,58
2024-07-26,2,85
2024-07-26,3,108
2024-07-26,4,170
2024-07-26,5,128
2024-07-26,6,105
2024-07-26,7,132
2024-07-26,8,78
2024-07-26,9,138
2024-07-26,10,105
2024-07-26,11,121
2024-07-26,12,103
2024-07-26,13,104
2024-07-26,14,96
2024-07-26,15,88
2024-07-27,1,103
2024-07-27,2,102
2024-07-27,3,187
2024-07-27,4,120
2024-07-27,5,104
2024-07-27,6,131
2024-07-27,7,140
2024-07-27,8,182
2024-07-27,9,10
2024-07-27,10,103
2024-07-27,11,131
2024-07-27,12,48
2024-07-27,13,127
2024-07-27,14,102
2024-07-27,15,91
2024-07-28,1,76
2024-07-28,2,148
2024-07-28,3,67
2024-07-28,4,82
2024-07-28,5,128
2024-07-28,6,124
2024-07-28,7,139
2024-07-28,8,61
2024-07-28,9,65
2024-07-28,10,85
2024-07-28,11,97
2024-07-28,12,102
2024-07-28,13,141
2024-07-28,14,10
2024-07-28,15,90
2024-07-29,1,104
2024-07-29,2,124
2024-07-29,3,128
2024-07-29,4,180
2024-07-29,5,83
2024-07-29,6,142
2024-07-29,7,65
2024-07-29,8,99
2024-07-29,9,91
2024-07-29,10,69
2024-07-29,11,74
2024-07-29,12,52
2024-07-29,13,74
2024-07-29,14,53
2024-07-29,15,95
2024-07-30,1,92
2024-07-30,2,125
2024-07-30,3,115
2024-07-30,4,143
2024-07-30,5,120
2024-07-30,6,85
2024-07-30,7,99
2024-07-30,8,95
2024-07-30,9,35
2024-07-30,10,111
2024-07-30,11,110
2024-07-30,12,123
2024-07-30,13,126
2024-07-30,14,73
2024-07-30,15,81
2024-07-31,1,115
2024-07-31,2,120
2024-07-31,3,159
2024-07-31,4,152
2024-07-31,5,110
2024-07-31,6,94
2024-07-31,7,107
2024-07-31,8,135
2024-07-31,9,100
2024-07-31,10,85
2024-07-31,11,56
2024-07-31,12,29
2024-07-31,13,101
2024-07-31,14,89
2024-07-31,15,69
2024-08-01,1,53
2024-08-01,2,119
2024-08-01,3,174
2024-08-01,4,97
2024-08-01,5,90
2024-08-01,6,142
2024-08-01,7,118
2024-08-01,8,59
2024-08-01,9,71
2024-08-01,10,33
2024-08-01,11,132
2024-08-01,12,132
2024-08-01,13,133
2024-08-01,14,107
2024-08-01,15,81
2024-08-02,1,89
2024-08-02,2,51
2024-08-02,3,170
2024-08-02,4,136
2024-08-02,5,160
2024-08-02,6,123
2024-08-02,7,69
2024-08-02,8,140
2024-08-02,9,38
2024-08-02,10,122
2024-08-02,11,117
2024-08-02,12,138
2024-08-02,13,136
2024-08-02,14,53
2024-08-02,15,38
2024-08-03,1,135
2024-08-03,2,114
2024-08-03,3,126
2024-08-03,4,124
2024-08-03,5,137
2024-08-03,6,53
2024-08-03,7,109
2024-08-03,8,79
2024-08-03,9,70
2024-08-03,10,72
2024-08-03,11,66
2024-08-03,12,33
2024-08-03,13,102
2024-08-03,14,92
2024-08-03,15,105
2024-08-04,1,107
2024-08-04,2,71
2024-08-04,3,129
2024-08-04,4,143
2024-08-04,5,87
2024-08-04,6,62
2024-08-04,7,109
2024-08-04,8,117
2024-08-04,9,140
2024-08-04,10,93
2024-08-04,11,109
2024-08-04,12,154
2024-08-04,13,75
2024-08-04,14,118
2024-08-04,15,40
2024-08-05,1,62
2024-08-05,2,98
2024-08-05,3,41
2024-08-05,4,128
2024-08-05,5,83
2024-08-05,6,167
2024-08-05,7,134
2024-08-05,8,111
2024-08-05,9,89
2024-08-05,10,131
2024-08-05,11,77
2024-08-05,12,85
2024-08-05,13,64
2024-08-05,14,85
2024-08-05,15,127
2024-08-06,1,57
2024-08-06,2,162
2024-08-06,3,110
2024-08-06,4,147
2024-08-06,5,41
2024-08-06,6,85
2024-08-06,7,117
2024-08-06,8,115
2024-08-06,9,74
2024-08-06,10,97
2024-08-06,11,82
2024-08-06,12,115
2024-08-06,13,162
2024-08-06,14,73
2024-08-06,15,82
2024-08-07,1,104
2024-08-07,2,77
2024-08-07,3,107
2024-08-07,4,72
2024-08-07,5,128
2024-08-07,6,96
2024-08-07,7,116
2024-08-07,8,151
2024-08-07,9,112
2024-08-07,10,92
2024-08-07,11,103
2024-08-07,12,26
2024-08-07,13,109
2024-08-07,14,89
2024-08-07,15,63
2024-08-08,1,75
2024-08-08,2,87
2024-08-08,3,110
2024-08-08,4,126
2024-08-08,5,126
2024-08-08,6,112
2024-08-08,7,82
2024-08-08,8,111
2024-08-08,9,27
2024-08-08,10,68
2024-08-08,11,83
2024-08-08,12,63
2024-08-08,13,129
2024-08-08,14,90
2024-08-08,15,122
2024-08-09,1,161
2024-08-09,2,121
2024-08-09,3,120
2024-08-09,4,104
2024-08-09,5,137
2024-08-09,6,169
2024-08-09,7,93
2024-08-09,8,74
2024-08-09,9,94
2024-08-09,10,110
2024-08-09,11,114
2024-08-09,12,129
2024-08-09,13,114
2024-08-09,14,73
2024-08-09,15,184
2024-08-10,1,45
2024-08-10,2,155
2024-08-10,3,111
2024-08-10,4,84
2024-08-10,5,111
2024-08-10,6,73
2024-08-10,7,94
2024-08-10,8,97
2024-08-10,9,79
2024-08-10,10,95
2024-08-10,11,85
2024-08-10,12,103
2024-08-10,13,136
2024-08-10,14,151
2024-08-10,15,120
2024-08-11,1,88
2024-08-11,2,163
2024-08-11,3,104
2024-08-11,4,93
2024-08-11,5,76
2024-08-11,6,146
2024-08-11,7,168
2024-08-11,8,118
2024-08-11,9,75
2024-08-11,10,144
2024-08-11,11,90
2024-08-11,12,148
2024-08-11,13,101
2024-08-11,14,86
2024-08-11,15,122
2024-08-12,1,100
2024-08-12,2,104
2024-08-12,3,106
2024-08-12,4,122
2024-08-12,5,178
2024-08-12,6,116
2024-08-12,7,73
2024-08-12,8,91
2024-08-12,9,61
2024-08-12,10,108
2024-08-12,11,69
2024-08-12,12,134
2024-08-12,13,88
2024-08-12,14,144
2024-08-12,15,102
2024-08-13,1,62
2024-08-13,2,126
2024-08-13,3,173
2024-08-13,4,119
2024-08-13,5,82
2024-08-13,6,137
2024-08-13,7,113
2024-08-13,8,78
2024-08-13,9,92
2024-08-13,10,111
2024-08-13,11,54
2024-08-13,12,37
2024-08-13,13,162
2024-08-13,14,61
2024-08-13,15,101
2024-08-14,1,70
2024-08-14,2,92
2024-08-14,3,180
2024-08-14,4,138
2024-08-14,5,129
2024-08-14,6,95
2024-08-14,7,133
2024-08-14,8,112
2024-08-14,9,109
2024-08-14,10,62
2024-08-14,11,119
2024-08-14,12,74
2024-08-14,13,77
2024-08-14,14,133
2024-08-14,15,110
2024-08-15,1,111
2024-08-15,2,136
2024-08-15,3,80
2024-08-15,4,149
2024-08-15,5,99
2024-08-15,6,165
2024-08-15,7,99
2024-08-15,8,99
2024-08-15,9,83
2024-08-15,10,48
2024-08-15,11,91
2024-08-15,12,84
2024-08-15,13,126
2024-08-15,14,22
2024-08-15,15,127
2024-08-16,1,115
2024-08-16,2,105
2024-08-16,3,95
2024-08-16,4,151
2024-08-16,5,77
2024-08-16,6,100
2024-08-16,7,80
2024-08-16,8,79
2024-08-16,9,68
2024-08-16,10,64
2024-08-16,11,57
2024-08-16,12,126
2024-08-16,13,150
2024-08-16,14,103
2024-08-16,15,66
2024-08-17,1,94
2024-08-17,2,98
2024-08-17,3,132
2024-08-17,4,139
2024-08-17,5,72
2024-08-17,6,124
2024-08-17,7,106
2024-08-17,8,124
2024-08-17,9,62
2024-08-17,10,57
2024-08-17,11,81
2024-08-17,12,127
2024-08-17,13,103
2024-08-17,14,38
2024-08-17,15,35
2024-08-18,1,100
2024-08-18,2,133
2024-08-18,3,172
2024-08-18,4,119
2024-08-18,5,132
2024-08-18,6,129
2024-08-18,7,106
2024-08-18,8,111
2024-08-18,9,32
2024-08-18,10,102
2024-08-18,11,90
2024-08-18,12,153
2024-08-18,13,131
2024-08-18,14,71
2024-08-18,15,30
2024-08-19,1,121
2024-08-19,2,151
2024-08-19,3,138
2024-08-19,4,176
2024-08-19,5,83
2024-08-19,6,94
2024-08-19,7,100
2024-08-19,8,112
2024-08-19,9,95
2024-08-19,10,105
2024-08-19,11,74
2024-08-19,12,129
2024-08-19,13,106
2024-08-19,14,74
2024-08-19,15,30
2024-08-20,1,125
2024-08-20,2,84
2024-08-20,3,123
2024-08-20,4,101
2024-08-20,5,95
2024-08-20,6,138
2024-08-20,7,123
2024-08-20,8,72
2024-08-20,9,134
2024-08-20,10,52
2024-08-20,11,35
2024-08-20,12,50
2024-08-20,13,141
2024-08-20,14,29
2024-08-20,15,123
2024-08-21,1,117
2024-08-21,2,206
2024-08-21,3,122
2024-08-21,4,87
2024-08-21,5,121
2024-08-21,6,140
2024-08-21,7,109
2024-08-21,8,156
2024-08-21,9,48
2024-08-21,10,129
2024-08-21,11,69
2024-08-21,12,152
2024-08-21,13,163
2024-08-21,14,54
2024-08-21,15,88
2024-08-22,1,97
2024-08-22,2,116
2024-08-22,3,76
2024-08-22,4,103
2024-08-22,5,123
2024-08-22,6,129
2024-08-22,7,116
2024-08-22,8,83
2024-08-22,9,106
2024-08-22,10,70
2024-08-22,11,37
2024-08-22,12,18
2024-08-22,13,78
2024-08-22,14,60
2024-08-22,15,81
2024-08-23,1,159
2024-08-23,2,96
2024-08-23,3,150
2024-08-23,4,89
2024-08-23,5,138
2024-08-23,6,107
2024-08-23,7,145
2024-08-23,8,150
2024-08-23,9,135
2024-08-23,10,85
2024-08-23,11,104
2024-08-23,12,101
2024-08-23,13,135
2024-08-23,14,109
2024-08-23,15,80
2024-08-24,1,110
2024-08-24,2,187
2024-08-24,3,166
2024-08-24,4,85
2024-08-24,5,120
2024-08-24,6,91
2024-08-24,7,125
2024-08-24,8,55
2024-08-24,9,117
2024-08-24,10,58
2024-08-24,11,52
2024-08-24,12,54
2024-08-24,13,59
2024-08-24,14,73
2024-08-24,15,72
2024-08-25,1,62
2024-08-25,2,82
2024-08-25,3,155
2024-08-25,4,134
2024-08-25,5,134
2024-08-25,6,99
2024-08-25,7,74
2024-08-25,8,42
2024-08-25,9,110
2024-08-25,10,132
2024-08-25,11,110
2024-08-25,12,90
2024-08-25,13,102
2024-08-25,14,102
2024-08-25,15,119
2024-08-26,1,123
2024-08-26,2,106
2024-08-26,3,154
2024-08-26,4,149
2024-08-26,5,146
2024-08-26,6,80
2024-08-26,7,57
2024-08-26,8,86
2024-08-26,9,130
2024-08-26,10,96
2024-08-26,11,45
2024-08-26,12,93
2024-08-26,13,109
2024-08-26,14,129
2024-08-26,15,80
2024-08-27,1,101
2024-08-27,2,206
2024-08-27,3,109
2024-08-27,4,161
2024-08-27,5,83
2024-08-27,6,124
2024-08-27,7,80
2024-08-27,8,125
2024-08-27,9,63
2024-08-27,10,129
2024-08-27,11,138
2024-08-27,12,84
2024-08-27,13,129
2024-08-27,14,81
2024-08-27,15,20
2024-08-28,1,78
2024-08-28,2,110
2024-08-28,3,107
2024-08-28,4,63
2024-08-28,5,132
2024-08-28,6,92
2024-08-28,7,58
2024-08-28,8,59
2024-08-28,9,77
2024-08-28,10,45
2024-08-28,11,99
2024-08-28,12,135
2024-08-28,13,87
2024-08-28,14,92
2024-08-28,15,111
2024-08-29,1,61
2024-08-29,2,139
2024-08-29,3,154
2024-08-29,4,142
2024-08-29,5,124
2024-08-29,6,182
2024-08-29,7,98
2024-08-29,8,72
2024-08-29,9,32
2024-08-29,10,111
2024-08-29,11,71
2024-08-29,12,81
2024-08-29,13,99
2024-08-29,14,89
2024-08-29,15,64
2024-08-30,1,56
2024-08-30,2,163
2024-08-30,3,94
2024-08-30,4,119
2024-08-30,5,124
2024-08-30,6,120
2024-08-30,7,133
2024-08-30,8,118
2024-08-30,9,58
2024-08-30,10,85
2024-08-30,11,84
2024-08-30,12,113
2024-08-30,13,114
2024-08-30,14,74
2024-08-30,15,73
2024-08-31,1,67
2024-08-31,2,116
2024-08-31,3,121
2024-08-31,4,151
2024-08-31,5,121
2024-08-31,6,138
2024-08-31,7,112
2024-08-31,8,143
2024-08-31,9,87
2024-08-31,10,93
2024-08-31,11,99
2024-08-31,12,89
2024-08-31,13,149
2024-08-31,14,52
2024-08-31,15,123
2024-09-01,1,100
2024-09-01,2,121
2024-09-01,3,96
2024-09-01,4,120
2024-09-01,5,125
2024-09-01,6,108
2024-09-01,7,61
2024-09-01,8,93
2024-09-01,9,61
2024-09-01,10,69
2024-09-01,11,103
2024-09-01,12,136
2024-09-01,13,126
2024-09-01,14,65
2024-09-01,15,158
2024-09-02,1,119
2024-09-02,2,196
2024-09-02,3,127
2024-09-02,4,96
2024-09-02,5,180
2024-09-02,6,168
2024-09-02,7,166
2024-09-02,8,135
2024-09-02,9,65
2024-09-02,10,44
2024-09-02,11,78
2024-09-02,12,100
2024-09-02,13,91
2024-09-02,14,38
2024-09-02,15,60
2024-09-03,1,107
2024-09-03,2,110
2024-09-03,3,124
2024-09-03,4,164
2024-09-03,5,123
2024-09-03,6,157
2024-09-03,7,67
2024-09-03,8,78
2024-09-03,9,73
2024-09-03,10,45
2024-09-03,11,60
2024-09-03,12,111
2024-09-03,13,153
2024-09-03,14,51
2024-09-03,15,79
2024-09-04,1,95
2024-09-04,2,135
2024-09-04,3,112
2024-09-04,4,116
2024-09-04,5,134
2024-09-04,6,63
2024-09-04,7,137
2024-09-04,8,103
2024-09-04,9,51
2024-09-04,10,79
2024-09-04,11,124
2024-09-04,12,24
2024-09-04,13,123
2024-09-04,14,93
2024-09-04,15,134
2024-09-05,1,54
2024-09-05,2,122
2024-09-05,3,115
2024-09-05,4,197
2024-09-05,5,148
2024-09-05,6,162
2024-09-05,7,127
2024-09-05,8,56
2024-09-05,9,101
2024-09-05,10,126
2024-09-05,11,153
2024-09-05,12,99
2024-09-05,13,57
2024-09-05,14,69
2024-09-05,15,74
2024-09-06,1,101
2024-09-06,2,204
2024-09-06,3,120
2024-09-06,4,107
2024-09-06,5,104
2024-09-06,6,126
2024-09-06,7,82
2024-09-06,8,58
2024-09-06,9,80
2024-09-06,10,110
2024-09-06,11,53
2024-09-06,12,98
2024-09-06,13,162
2024-09-06,14,24
2024-09-06,15,67
2024-09-07,1,124
2024-09-07,2,111
2024-09-07,3,120
2024-09-07,4,136
2024-09-07,5,72
2024-09-07,6,83
2024-09-07,7,116
2024-09-07,8,117
2024-09-07,9,61
2024-09-07,10,140
2024-09-07,11,93
2024-09-07,12,74
2024-09-07,13,141
2024-09-07,14,80
2024-09-07,15,52
2024-09-08,1,49
2024-09-08,2,111
2024-09-08,3,88
2024-09-08,4,124
2024-09-08,5,138
2024-09-08,6,57
2024-09-08,7,92
2024-09-08,8,164
2024-09-08,9,83
2024-09-08,10,77
2024-09-08,11,96
2024-09-08,12,124
2024-09-08,13,128
2024-09-08,14,33
2024-09-08,15,66
2024-09-09,1,80
2024-09-09,2,130
2024-09-09,3,120
2024-09-09,4,142
2024-09-09,5,83
2024-09-09,6,160
2024-09-09,7,155
2024-09-09,8,49
2024-09-09,9,104
2024-09-09,10,71
2024-09-09,11,89
2024-09-09,12,90
2024-09-09,13,157
2024-09-09,14,73
2024-09-09,15,45
2024-09-10,1,95
2024-09-10,2,52
2024-09-10,3,70
2024-09-10,4,143
2024-09-10,5,121
2024-09-10,6,97
2024-09-10,7,106
2024-09-10,8,56
2024-09-10,9,12
2024-09-10,10,92
2024-09-10,11,129
2024-09-10,12,67
2024-09-10,13,114
2024-09-10,14,100
2024-09-10,15,101
2024-09-11,1,117
2024-09-11,2,87
2024-09-11,3,124
2024-09-11,4,95
2024-09-11,5,88
2024-09-11,6,123
2024-09-11,7,80
2024-09-11,8,107
2024-09-11,9,68
2024-09-11,10,100
2024-09-11,11,123
2024-09-11,12,92
2024-09-11,13,94
2024-09-11,14,110
2024-09-11,15,103
2024-09-12,1,116
2024-09-12,2,114
2024-09-12,3,86
2024-09-12,4,134
2024-09-12,5,117
2024-09-12,6,107
2024-09-12,7,102
2024-09-12,8,86
2024-09-12,9,106
2024-09-12,10,96
2024-09-12,11,139
2024-09-12,12,138
2024-09-12,13,99
2024-09-12,14,37
2024-09-12,15,95
2024-09-13,1,102
2024-09-13,2,151
2024-09-13,3,97
2024-09-13,4,87
2024-09-13,5,133
2024-09-13,6,163
2024-09-13,7,73
2024-09-13,8,97
2024-09-13,9,109
2024-09-13,10,103
2024-09-13,11,77
2024-09-13,12,116
2024-09-13,13,138
2024-09-13,14,83
2024-09-13,15,74
2024-09-14,1,105
2024-09-14,2,95
2024-09-14,3,113
2024-09-14,4,130
2024-09-14,5,154
2024-09-14,6,94
2024-09-14,7,115
2024-09-14,8,72
2024-09-14,9,102
2024-09-14,10,127
2024-09-14,11,56
2024-09-14,12,83
2024-09-14,13,96
2024-09-14,14,76
2024-09-14,15,66
2024-09-15,1,129
2024-09-15,2,128
2024-09-15,3,130
2024-09-15,4,111
2024-09-15,5,136
2024-09-15,6,153
2024-09-15,7,87
2024-09-15,8,125
2024-09-15,9,49
2024-09-15,10,163
2024-09-15,11,67
2024-09-15,12,137
2024-09-15,13,99
2024-09-15,14,85
2024-09-15,15,102
2024-09-16,1,126
2024-09-16,2,130
2024-09-16,3,146
2024-09-16,4,77
2024-09-16,5,123
2024-09-16,6,161
2024-09-16,7,125
2024-09-16,8,97
2024-09-16,9,86
2024-09-16,10,67
2024-09-16,11,28
2024-09-16,12,125
2024-09-16,13,134
2024-09-16,14,88
2024-09-16,15,30
2024-09-17,1,92
2024-09-17,2,70
2024-09-17,3,54
2024-09-17,4,101
2024-09-17,5,170
2024-09-17,6,129
2024-09-17,7,91
2024-09-17,8,87
2024-09-17,9,63
2024-09-17,10,127
2024-09-17,11,89
2024-09-17,12,147
2024-09-17,13,119
2024-09-17,14,139
2024-09-17,15,110
2024-09-18,1,98
2024-09-18,2,95
2024-09-18,3,128
2024-09-18,4,87
2024-09-18,5,126
2024-09-18,6,174
2024-09-18,7,127
2024-09-18,8,86
2024-09-18,9,68
2024-09-18,10,103
2024-09-18,11,76
2024-09-18,12,113
2024-09-18,13,103
2024-09-18,14,58
2024-09-18,15,62
2024-09-19,1,127
2024-09-19,2,129
2024-09-19,3,134
2024-09-19,4,171
2024-09-19,5,104
2024-09-19,6,76
2024-09-19,7,110
2024-09-19,8,112
2024-09-19,9,92
2024-09-19,10,80
2024-09-19,11,116
2024-09-19,12,130
2024-09-19,13,152
2024-09-19,14,87
2024-09-19,15,70
2024-09-20,1,115
2024-09-20,2,104
2024-09-20,3,133
2024-09-20,4,142
2024-09-20,5,114
2024-09-20,6,101
2024-09-20,7,46
2024-09-20,8,149
2024-09-20,9,24
2024-09-20,10,95
2024-09-20,11,127
2024-09-20,12,64
2024-09-20,13,179
2024-09-20,14,110
2024-09-20,15,32
2024-09-21,1,100
2024-09-21,2,161
2024-09-21,3,109
2024-09-21,4,139
2024-09-21,5,132
2024-09-21,6,146
2024-09-21,7,79
2024-09-21,8,50
2024-09-21,9,96
2024-09-21,10,130
2024-09-21,11,82
2024-09-21,12,115
2024-09-21,13,142
2024-09-21,14,55
2024-09-21,15,44
2024-09-22,1,72
2024-09-22,2,115
2024-09-22,3,117
2024-09-22,4,70
2024-09-22,5,133
2024-09-22,6,132
2024-09-22,7,104
2024-09-22,8,71
2024-09-22,9,125
2024-09-22,10,74
2024-09-22,11,59
2024-09-22,12,130
2024-09-22,13,116
2024-09-22,14,10
2024-09-22,15,82
2024-09-23,1,77
2024-09-23,2,76
2024-09-23,3,108
2024-09-23,4,91
2024-09-23,5,91
2024-09-23,6,125
2024-09-23,7,130
2024-09-23,8,46
2024-09-23,9,113
2024-09-23,10,85
2024-09-23,11,140
2024-09-23,12,128
2024-09-23,13,62
2024-09-23,14,88
2024-09-23,15,99
2024-09-24,1,74
2024-09-24,2,148
2024-09-24,3,141
2024-09-24,4,113
2024-09-24,5,119
2024-09-24,6,112
2024-09-24,7,112
2024-09-24,8,135
2024-09-24,9,69
2024-09-24,10,101
2024-09-24,11,112
2024-09-24,12,159
2024-09-24,13,95
2024-09-24,14,38
2024-09-24,15,70
2024-09-25,1,131
2024-09-25,2,70
2024-09-25,3,132
2024-09-25,4,94
2024-09-25,5,104
2024-09-25,6,116
2024-09-25,7,101
2024-09-25,8,58
2024-09-25,9,48
2024-09-25,10,91
2024-09-25,11,125
2024-09-25,12,148
2024-09-25,13,158
2024-09-25,14,42
2024-09-25,15,70
2024-09-26,1,92
2024-09-26,2,149
2024-09-26,3,158
2024-09-26,4,128
2024-09-26,5,152
2024-09-26,6,214
2024-09-26,7,137
2024-09-26,8,89
2024-09-26,9,45
2024-09-26,10,81
2024-09-26,11,169
2024-09-26,12,49
2024-09-26,13,103
2024-09-26,14,123
2024-09-26,15,47
2024-09-27,1,119
2024-09-27,2,147
2024-09-27,3,56
2024-09-27,4,86
2024-09-27,5,88
2024-09-27,6,135
2024-09-27,7,98
2024-09-27,8,97
2024-09-27,9,66
2024-09-27,10,62
2024-09-27,11,131
2024-09-27,12,170
2024-09-27,13,126
2024-09-27,14,66
2024-09-27,15,59
2024-09-28,1,50
2024-09-28,2,117
2024-09-28,3,50
2024-09-28,4,131
2024-09-28,5,106
2024-09-28,6,166
2024-09-28,7,109
2024-09-28,8,69
2024-09-28,9,107
2024-09-28,10,54
2024-09-28,11,91
2024-09-28,12,80
2024-09-28,13,138
2024-09-28,14,73
2024-09-28,15,51
2024-09-29,1,115
2024-09-29,2,132
2024-09-29,3,152
2024-09-29,4,118
2024-09-29,5,127
2024-09-29,6,147
2024-09-29,7,137
2024-09-29,8,76
2024-09-29,9,68
2024-09-29,10,150
2024-09-29,11,109
2024-09-29,12,116
2024-09-29,13,46
2024-09-29,14,40
2024-09-29,15,80
2024-09-30,1,129
2024-09-30,2,75
2024-09-30,3,90
2024-09-30,4,98
2024-09-30,5,124
2024-09-30,6,128
2024-09-30,7,127
2024-09-30,8,75
2024-09-30,9,50
2024-09-30,10,57
2024-09-30,11,58
2024-09-30,12,76
2024-09-30,13,139
2024-09-30,14,75
2024-09-30,15,60
2024-10-01,1,93
2024-10-01,2,123
2024-10-01,3,133
2024-10-01,4,87
2024-10-01,5,114
2024-10-01,6,138
2024-10-01,7,131
2024-10-01,8,87
2024-10-01,9,72
2024-10-01,10,78
2024-10-01,11,96
2024-10-01,12,133
2024-10-01,13,74
2024-10-01,14,107
2024-10-01,15,116
2024-10-02,1,103
2024-10-02,2,118
2024-10-02,3,125
2024-10-02,4,107
2024-10-02,5,89
2024-10-02,6,81
2024-10-02,7,59
2024-10-02,8,109
2024-10-02,9,30
2024-10-02,10,106
2024-10-02,11,92
2024-10-02,12,139
2024-10-02,13,52
2024-10-02,14,86
2024-10-02,15,52
2024-10-03,1,144
2024-10-03,2,97
2024-10-03,3,90
2024-10-03,4,120
2024-10-03,5,99
2024-10-03,6,124
2024-10-03,7,131
2024-10-03,8,76
2024-10-03,9,109
2024-10-03,10,96
2024-10-03,11,110
2024-10-03,12,88
2024-10-03,13,132
2024-10-03,14,77
2024-10-03,15,95
2024-10-04,1,120
2024-10-04,2,128
2024-10-04,3,161
2024-10-04,4,76
2024-10-04,5,69
2024-10-04,6,125
2024-10-04,7,16
2024-10-04,8,67
2024-10-04,9,123
2024-10-04,10,56
2024-10-04,11,127
2024-10-04,12,156
2024-10-04,13,145
2024-10-04,14,107
2024-10-04,15,12
2024-10-05,1,99
2024-10-05,2,109
2024-10-05,3,103
2024-10-05,4,146
2024-10-05,5,146
2024-10-05,6,97
2024-10-05,7,70
2024-10-05,8,52
2024-10-05,9,100
2024-10-05,10,68
2024-10-05,11,96
2024-10-05,12,76
2024-10-05,13,109
2024-10-05,14,91
2024-10-05,15,128
2024-10-06,1,71
2024-10-06,2,91
2024-10-06,3,101
2024-10-06,4,128
2024-10-06,5,136
2024-10-06,6,116
2024-10-06,7,98
2024-10-06,8,33
2024-10-06,9,63
2024-10-06,10,80
2024-10-06,11,90
2024-10-06,12,27
2024-10-06,13,147
2024-10-06,14,45
2024-10-06,15,107
2024-10-07,1,113
2024-10-07,2,89
2024-10-07,3,76
2024-10-07,4,156
2024-10-07,5,129
2024-10-07,6,97
2024-10-07,7,59
2024-10-07,8,94
2024-10-07,9,124
2024-10-07,10,73
2024-10-07,11,99
2024-10-07,12,70
2024-10-07,13,118
2024-10-07,14,68
2024-10-07,15,56
2024-10-08,1,64
2024-10-08,2,75
2024-10-08,3,158
2024-10-08,4,144
2024-10-08,5,90
2024-10-08,6,185
2024-10-08,7,121
2024-10-08,8,57
2024-10-08,9,59
2024-10-08,10,69
2024-10-08,11,98
2024-10-08,12,76
2024-10-08,13,128
2024-10-08,14,104
2024-10-08,15,65
2024-10-09,1,45
2024-10-09,2,183
2024-10-09,3,142
2024-10-09,4,100
2024-10-09,5,136
2024-10-09,6,188
2024-10-09,7,74
2024-10-09,8,67
2024-10-09,9,101
2024-10-09,10,51
2024-10-09,11,55
2024-10-09,12,111
2024-10-09,13,123
2024-10-09,14,40
2024-10-09,15,118
2024-10-10,1,46
2024-10-10,2,94
2024-10-10,3,115
2024-10-10,4,132
2024-10-10,5,124
2024-10-10,6,93
2024-10-10,7,79
2024-10-10,8,84
2024-10-10,9,102
2024-10-10,10,51
2024-10-10,11,72
2024-10-10,12,75
2024-10-10,13,183
2024-10-10,14,38
2024-10-10,15,57
2024-10-11,1,73
2024-10-11,2,81
2024-10-11,3,148
2024-10-11,4,101
2024-10-11,5,211
2024-10-11,6,95
2024-10-11,7,99
2024-10-11,8,87
2024-10-11,9,53
2024-10-11,10,52
2024-10-11,11,148
2024-10-11,12,92
2024-10-11,13,125
2024-10-11,14,58
2024-10-11,15,106
2024-10-12,1,83
2024-10-12,2,123
2024-10-12,3,151
2024-10-12,4,141
2024-10-12,5,190
2024-10-12,6,121
2024-10-12,7,154
2024-10-12,8,98
2024-10-12,9,68
2024-10-12,10,78
2024-10-12,11,122
2024-10-12,12,73
2024-10-12,13,89
2024-10-12,14,72
2024-10-12,15,54
2024-10-13,1,97
2024-10-13,2,144
2024-10-13,3,84
2024-10-13,4,164
2024-10-13,5,106
2024-10-13,6,112
2024-10-13,7,24
2024-10-13,8,73
2024-10-13,9,22
2024-10-13,10,132
2024-10-13,11,133
2024-10-13,12,92
2024-10-13,13,112
2024-10-13,14,50
2024-10-13,15,89
2024-10-14,1,108
2024-10-14,2,116
2024-10-14,3,85
2024-10-14,4,118
2024-10-14,5,128
2024-10-14,6,112
2024-10-14,7,120
2024-10-14,8,64
2024-10-14,9,121
2024-10-14,10,48
2024-10-14,11,105
2024-10-14,12,105
2024-10-14,13,190
2024-10-14,14,53
2024-10-14,15,19
2024-10-15,1,19
2024-10-15,2,119
2024-10-15,3,157
2024-10-15,4,154
2024-10-15,5,140
2024-10-15,6,138
2024-10-15,7,109
2024-10-15,8,172
2024-10-15,9,86
2024-10-15,10,120
2024-10-15,11,82
2024-10-15,12,78
2024-10-15,13,99
2024-10-15,14,128
2024-10-15,15,75
2024-10-16,1,142
2024-10-16,2,72
2024-10-16,3,84
2024-10-16,4,113
2024-10-16,5,60
2024-10-16,6,141
2024-10-16,7,105
2024-10-16,8,74
2024-10-16,9,100
2024-10-16,10,33
2024-10-16,11,76
2024-10-16,12,122
2024-10-16,13,83
2024-10-16,14,48
2024-10-16,15,72
2024-10-17,1,188
2024-10-17,2,139
2024-10-17,3,135
2024-10-17,4,93
2024-10-17,5,128
2024-10-17,6,93
2024-10-17,7,133
2024-10-17,8,115
2024-10-17,9,89
2024-10-17,10,112
2024-10-17,11,135
2024-10-17,12,131
2024-10-17,13,189
2024-10-17,14,96
2024-10-17,15,88
2024-10-18,1,117
2024-10-18,2,152
2024-10-18,3,90
2024-10-18,4,116
2024-10-18,5,93
2024-10-18,6,71
2024-10-18,7,68
2024-10-18,8,66
2024-10-18,9,92
2024-10-18,10,72
2024-10-18,11,144
2024-10-18,12,89
2024-10-18,13,79
2024-10-18,14,116
2024-10-18,15,61
2024-10-19,1,129
2024-10-19,2,134
2024-10-19,3,74
2024-10-19,4,103
2024-10-19,5,102
2024-10-19,6,86
2024-10-19,7,72
2024-10-19,8,88
2024-10-19,9,57
2024-10-19,10,95
2024-10-19,11,15
2024-10-19,12,100
2024-10-19,13,103
2024-10-19,14,98
2024-10-19,15,49
2024-10-20,1,104
2024-10-20,2,91
2024-10-20,3,155
2024-10-20,4,164
2024-10-20,5,116
2024-10-20,6,93
2024-10-20,7,96
2024-10-20,8,71
2024-10-20,9,48
2024-10-20,10,117
2024-10-20,11,110
2024-10-20,12,39
2024-10-20,13,131
2024-10-20,14,132
2024-10-20,15,41
2024-10-21,1,66
2024-10-21,2,133
2024-10-21,3,204
2024-10-21,4,120
2024-10-21,5,113
2024-10-21,6,169
2024-10-21,7,105
2024-10-21,8,114
2024-10-21,9,98
2024-10-21,10,138
2024-10-21,11,77
2024-10-21,12,130
2024-10-21,13,61
2024-10-21,14,41
2024-10-21,15,130
2024-10-22,1,31
2024-10-22,2,103
2024-10-22,3,116
2024-10-22,4,90
2024-10-22,5,193
2024-10-22,6,157
2024-10-22,7,81
2024-10-22,8,70
2024-10-22,9,114
2024-10-22,10,66
2024-10-22,11,121
2024-10-22,12,118
2024-10-22,13,102
2024-10-22,14,83
2024-10-22,15,86
2024-10-23,1,120
2024-10-23,2,38
2024-10-23,3,136
2024-10-23,4,115
2024-10-23,5,130
2024-10-23,6,124
2024-10-23,7,108
2024-10-23,8,118
2024-10-23,9,71
2024-10-23,10,43
2024-10-23,11,79
2024-10-23,12,160
2024-10-23,13,58
2024-10-23,14,33
2024-10-23,15,67
2024-10-24,1,65
2024-10-24,2,166
2024-10-24,3,122
2024-10-24,4,103
2024-10-24,5,76
2024-10-24,6,78
2024-10-24,7,120
2024-10-24,8,85
2024-10-24,9,10
2024-10-24,10,104
2024-10-24,11,115
2024-10-24,12,24
2024-10-24,13,94
2024-10-24,14,107
2024-10-24,15,84
2024-10-25,1,102
2024-10-25,2,157
2024-10-25,3,133
2024-10-25,4,150
2024-10-25,5,110
2024-10-25,6,158
2024-10-25,7,111
2024-10-25,8,99
2024-10-25,9,88
2024-10-25,10,62
2024-10-25,11,90
2024-10-25,12,42
2024-10-25,13,119
2024-10-25,14,109
2024-10-25,15,84
2024-10-26,1,76
2024-10-26,2,116
2024-10-26,3,123
2024-10-26,4,126
2024-10-26,5,137
2024-10-26,6,106
2024-10-26,7,80
2024-10-26,8,100
2024-10-26,9,82
2024-10-26,10,108
2024-10-26,11,89
2024-10-26,12,97
2024-10-26,13,109
2024-10-26,14,97
2024-10-26,15,116
2024-10-27,1,103
2024-10-27,2,87
2024-10-27,3,156
2024-10-27,4,128
2024-10-27,5,147
2024-10-27,6,133
2024-10-27,7,68
2024-10-27,8,107
2024-10-27,9,101
2024-10-27,10,129
2024-10-27,11,121
2024-10-27,12,84
2024-10-27,13,130
2024-10-27,14,96
2024-10-27,15,21
2024-10-28,1,95
2024-10-28,2,138
2024-10-28,3,104
2024-10-28,4,158
2024-10-28,5,161
2024-10-28,6,127
2024-10-28,7,58
2024-10-28,8,99
2024-10-28,9,88
2024-10-28,10,121
2024-10-28,11,94
2024-10-28,12,108
2024-10-28,13,141
2024-10-28,14,115
2024-10-28,15,58
2024-10-29,1,188
2024-10-29,2,98
2024-10-29,3,154
2024-10-29,4,135
2024-10-29,5,69
2024-10-29,6,114
2024-10-29,7,110
2024-10-29,8,102
2024-10-29,9,106
2024-10-29,10,23
2024-10-29,11,30
2024-10-29,12,103
2024-10-29,13,110
2024-10-29,14,67
2024-10-29,15,115
2024-10-30,1,89
2024-10-30,2,107
2024-10-30,3,186
2024-10-30,4,78
2024-10-30,5,127
2024-10-30,6,139
2024-10-30,7,97
2024-10-30,8,112
2024-10-30,9,58
2024-10-30,10,69
2024-10-30,11,67
2024-10-30,12,72
2024-10-30,13,130
2024-10-30,14,33
2024-10-30,15,36
2024-10-31,1,42
2024-10-31,2,105
2024-10-31,3,146
2024-10-31,4,98
2024-10-31,5,126
2024-10-31,6,115
2024-10-31,7,156
2024-10-31,8,84
2024-10-31,9,123
2024-10-31,10,99
2024-10-31,11,99
2024-10-31,12,106
2024-10-31,13,178
2024-10-31,14,135
2024-10-31,15,81
2024-11-01,1,96
2024-11-01,2,76
2024-11-01,3,117
2024-11-01,4,176
2024-11-01,5,156
2024-11-01,6,129
2024-11-01,7,52
2024-11-01,8,91
2024-11-01,9,45
2024-11-01,10,69
2024-11-01,11,74
2024-11-01,12,117
2024-11-01,13,152
2024-11-01,14,94
2024-11-01,15,92
2024-11-02,1,142
2024-11-02,2,101
2024-11-02,3,93
2024-11-02,4,144
2024-11-02,5,134
2024-11-02,6,126
2024-11-02,7,66
2024-11-02,8,136
2024-11-02,9,100
2024-11-02,10,140
2024-11-02,11,71
2024-11-02,12,125
2024-11-02,13,112
2024-11-02,14,44
2024-11-02,15,56
2024-11-03,1,107
2024-11-03,2,98
2024-11-03,3,104
2024-11-03,4,142
2024-11-03,5,149
2024-11-03,6,100
2024-11-03,7,166
2024-11-03,8,127
2024-11-03,9,10
2024-11-03,10,101
2024-11-03,11,126
2024-11-03,12,74
2024-11-03,13,146
2024-11-03,14,148
2024-11-03,15,68
2024-11-04,1,106
2024-11-04,2,60
2024-11-04,3,132
2024-11-04,4,157
2024-11-04,5,162
2024-11-04,6,58
2024-11-04,7,140
2024-11-04,8,115
2024-11-04,9,98
2024-11-04,10,113
2024-11-04,11,91
2024-11-04,12,90
2024-11-04,13,176
2024-11-04,14,29
2024-11-04,15,127
2024-11-05,1,143
2024-11-05,2,98
2024-11-05,3,59
2024-11-05,4,119
2024-11-05,5,123
2024-11-05,6,84
2024-11-05,7,29
2024-11-05,8,83
2024-11-05,9,27
2024-11-05,10,79
2024-11-05,11,83
2024-11-05,12,111
2024-11-05,13,115
2024-11-05,14,112
2024-11-05,15,40
2024-11-06,1,111
2024-11-06,2,115
2024-11-06,3,156
2024-11-06,4,110
2024-11-06,5,147
2024-11-06,6,125
2024-11-06,7,90
2024-11-06,8,61
2024-11-06,9,49
2024-11-06,10,84
2024-11-06,11,85
2024-11-06,12,115
2024-11-06,13,156
2024-11-06,14,129
2024-11-06,15,92
2024-11-07,1,54
2024-11-07,2,93
2024-11-07,3,90
2024-11-07,4,64
2024-11-07,5,184
2024-11-07,6,63
2024-11-07,7,59
2024-11-07,8,75
2024-11-07,9,108
2024-11-07,10,112
2024-11-07,11,37
2024-11-07,12,69
2024-11-07,13,113
2024-11-07,14,40
2024-11-07,15,102
2024-11-08,1,23
2024-11-08,2,144
2024-11-08,3,137
2024-11-08,4,134
2024-11-08,5,109
2024-11-08,6,169
2024-11-08,7,48
2024-11-08,8,50
2024-11-08,9,151
2024-11-08,10,90
2024-11-08,11,125
2024-11-08,12,73
2024-11-08,13,102
2024-11-08,14,143
2024-11-08,15,95
2024-11-09,1,120
2024-11-09,2,115
2024-11-09,3,96
2024-11-09,4,151
2024-11-09,5,106
2024-11-09,6,107
2024-11-09,7,91
2024-11-09,8,103
2024-11-09,9,56
2024-11-09,10,61
2024-11-09,11,72
2024-11-09,12,79
2024-11-09,13,35
2024-11-09,14,127
2024-11-09,15,87
2024-11-10,1,80
2024-11-10,2,154
2024-11-10,3,70
2024-11-10,4,137
2024-11-10,5,114
2024-11-10,6,110
2024-11-10,7,84
2024-11-10,8,130
2024-11-10,9,71
2024-11-10,10,90
2024-11-10,11,143
2024-11-10,12,105
2024-11-10,13,109
2024-11-10,14,81
2024-11-10,15,100
2024-11-11,1,68
2024-11-11,2,146
2024-11-11,3,106
2024-11-11,4,134
2024-11-11,5,133
2024-11-11,6,115
2024-11-11,7,116
2024-11-11,8,121
2024-11-11,9,54
2024-11-11,10,64
2024-11-11,11,119
2024-11-11,12,112
2024-11-11,13,91
2024-11-11,14,86
2024-11-11,15,46
2024-11-12,1,101
2024-11-12,2,79
2024-11-12,3,62
2024-11-12,4,119
2024-11-12,5,179
2024-11-12,6,111
2024-11-12,7,88
2024-11-12,8,116
2024-11-12,9,117
2024-11-12,10,99
2024-11-12,11,116
2024-11-12,12,109
2024-11-12,13,148
2024-11-12,14,75
2024-11-12,15,115
2024-11-13,1,116
2024-11-13,2,68
2024-11-13,3,139
2024-11-13,4,170
2024-11-13,5,134
2024-11-13,6,107
2024-11-13,7,160
2024-11-13,8,101
2024-11-13,9,69
2024-11-13,10,99
2024-11-13,11,119
2024-11-13,12,87
2024-11-13,13,120
2024-11-13,14,108
2024-11-13,15,67
2024-11-14,1,111
2024-11-14,2,107
2024-11-14,3,130
2024-11-14,4,68
2024-11-14,5,89
2024-11-14,6,91
2024-11-14,7,111
2024-11-14,8,122
2024-11-14,9,76
2024-11-14,10,45
2024-11-14,11,142
2024-11-14,12,102
2024-11-14,13,154
2024-11-14,14,115
2024-11-14,15,40
2024-11-15,1,82
2024-11-15,2,169
2024-11-15,3,120
2024-11-15,4,128
2024-11-15,5,134
2024-11-15,6,134
2024-11-15,7,96
2024-11-15,8,77
2024-11-15,9,64
2024-11-15,10,108
2024-11-15,11,54
2024-11-15,12,66
2024-11-15,13,110
2024-11-15,14,61
2024-11-15,15,92
2024-11-16,1,164
2024-11-16,2,139
2024-11-16,3,113
2024-11-16,4,40
2024-11-16,5,119
2024-11-16,6,98
2024-11-16,7,128
2024-11-16,8,75
2024-11-16,9,52
2024-11-16,10,109
2024-11-16,11,78
2024-11-16,12,94
2024-11-16,13,98
2024-11-16,14,103
2024-11-16,15,54
2024-11-17,1,109
2024-11-17,2,67
2024-11-17,3,98
2024-11-17,4,139
2024-11-17,5,138
2024-11-17,6,106
2024-11-17,7,118
2024-11-17,8,109
2024-11-17,9,89
2024-11-17,10,68
2024-11-17,11,66
2024-11-17,12,89
2024-11-17,13,108
2024-11-17,14,76
2024-11-17,15,94
2024-11-18,1,97
2024-11-18,2,112
2024-11-18,3,124
2024-11-18,4,182
2024-11-18,5,110
2024-11-18,6,103
2024-11-18,7,108
2024-11-18,8,105
2024-11-18,9,95
2024-11-18,10,120
2024-11-18,11,33
2024-11-18,12,168
2024-11-18,13,136
2024-11-18,14,97
2024-11-18,15,80
2024-11-19,1,88
2024-11-19,2,133
2024-11-19,3,102
2024-11-19,4,121
2024-11-19,5,79
2024-11-19,6,89
2024-11-19,7,147
2024-11-19,8,118
2024-11-19,9,87
2024-11-19,10,61
2024-11-19,11,125
2024-11-19,12,59
2024-11-19,13,83
2024-11-19,14,53
2024-11-19,15,78
2024-11-20,1,107
2024-11-20,2,126
2024-11-20,3,97
2024-11-20,4,137
2024-11-20,5,211
2024-11-20,6,43
2024-11-20,7,84
2024-11-20,8,65
2024-11-20,9,49
2024-11-20,10,64
2024-11-20,11,39
2024-11-20,12,73
2024-11-20,13,125
2024-11-20,14,99
2024-11-20,15,28
2024-11-21,1,151
2024-11-21,2,57
2024-11-21,3,62
2024-11-21,4,131
2024-11-21,5,172
2024-11-21,6,147
2024-11-21,7,78
2024-11-21,8,134
2024-11-21,9,73
2024-11-21,10,45
2024-11-21,11,31
2024-11-21,12,146
2024-11-21,13,82
2024-11-21,14,46
2024-11-21,15,73
2024-11-22,1,57
2024-11-22,2,158
2024-11-22,3,106
2024-11-22,4,123
2024-11-22,5,110
2024-11-22,6,150
2024-11-22,7,72
2024-11-22,8,117
2024-11-22,9,107
2024-11-22,10,84
2024-11-22,11,112
2024-11-22,12,97
2024-11-22,13,154
2024-11-22,14,28
2024-11-22,15,48
2024-11-23,1,95
2024-11-23,2,53
2024-11-23,3,110
2024-11-23,4,109
2024-11-23,5,80
2024-11-23,6,90
2024-11-23,7,73
2024-11-23,8,111
2024-11-23,9,96
2024-11-23,10,57
2024-11-23,11,132
2024-11-23,12,118
2024-11-23,13,81
2024-11-23,14,108
2024-11-23,15,54
2024-11-24,1,126
2024-11-24,2,118
2024-11-24,3,116
2024-11-24,4,147
2024-11-24,5,123
2024-11-24,6,130
2024-11-24,7,75
2024-11-24,8,106
2024-11-24,9,57
2024-11-24,10,73
2024-11-24,11,81
2024-11-24,12,96
2024-11-24,13,109
2024-11-24,14,65
2024-11-24,15,92
2024-11-25,1,98
2024-11-25,2,132
2024-11-25,3,179
2024-11-25,4,156
2024-11-25,5,103
2024-11-25,6,102
2024-11-25,7,99
2024-11-25,8,140
2024-11-25,9,104
2024-11-25,10,125
2024-11-25,11,61
2024-11-25,12,107
2024-11-25,13,186
2024-11-25,14,63
2024-11-25,15,62
2024-11-26,1,76
2024-11-26,2,161
2024-11-26,3,74
2024-11-26,4,107
2024-11-26,5,135
2024-11-26,6,109
2024-11-26,7,98
2024-11-26,8,112
2024-11-26,9,92
2024-11-26,10,103
2024-11-26,11,107
2024-11-26,12,113
2024-11-26,13,161
2024-11-26,14,50
2024-11-26,15,84
2024-11-27,1,58
2024-11-27,2,87
2024-11-27,3,132
2024-11-27,4,116
2024-11-27,5,121
2024-11-27,6,156
2024-11-27,7,120
2024-11-27,8,80
2024-11-27,9,70
2024-11-27,10,110
2024-11-27,11,32
2024-11-27,12,73
2024-11-27,13,123
2024-11-27,14,89
2024-11-27,15,93
2024-11-28,1,125
2024-11-28,2,161
2024-11-28,3,125
2024-11-28,4,94
2024-11-28,5,117
2024-11-28,6,98
2024-11-28,7,87
2024-11-28,8,105
2024-11-28,9,138
2024-11-28,10,93
2024-11-28,11,49
2024-11-28,12,67
2024-11-28,13,173
2024-11-28,14,129
2024-11-28,15,39
2024-11-29,1,154
2024-11-29,2,147
2024-11-29,3,55
2024-11-29,4,129
2024-11-29,5,84
2024-11-29,6,84
2024-11-29,7,99
2024-11-29,8,80
2024-11-29,9,64
2024-11-29,10,144
2024-11-29,11,78
2024-11-29,12,81
2024-11-29,13,106
2024-11-29,14,136
2024-11-29,15,102
2024-11-30,1,103
2024-11-30,2,136
2024-11-30,3,88
2024-11-30,4,197
2024-11-30,5,113
2024-11-30,6,175
2024-11-30,7,117
2024-11-30,8,101
2024-11-30,9,86
2024-11-30,10,89
2024-11-30,11,114
2024-11-30,12,104
2024-11-30,13,103
2024-11-30,14,89
2024-11-30,15,95
2024-12-01,1,103
2024-12-01,2,84
2024-12-01,3,78
2024-12-01,4,120
2024-12-01,5,89
2024-12-01,6,150
2024-12-01,7,77
2024-12-01,8,119
2024-12-01,9,55
2024-12-01,10,109
2024-12-01,11,85
2024-12-01,12,128
2024-12-01,13,125
2024-12-01,14,72
2024-12-01,15,89
2024-12-02,1,63
2024-12-02,2,163
2024-12-02,3,105
2024-12-02,4,116
2024-12-02,5,103
2024-12-02,6,141
2024-12-02,7,114
2024-12-02,8,142
2024-12-02,9,52
2024-12-02,10,75
2024-12-02,11,75
2024-12-02,12,128
2024-12-02,13,131
2024-12-02,14,41
2024-12-02,15,115
2024-12-03,1,86
2024-12-03,2,106
2024-12-03,3,129
2024-12-03,4,141
2024-12-03,5,136
2024-12-03,6,98
2024-12-03,7,104
2024-12-03,8,145
2024-12-03,9,77
2024-12-03,10,113
2024-12-03,11,52
2024-12-03,12,124
2024-12-03,13,107
2024-12-03,14,66
2024-12-03,15,76
2024-12-04,1,83
2024-12-04,2,123
2024-12-04,3,120
2024-12-04,4,74
2024-12-04,5,100
2024-12-04,6,151
2024-12-04,7,81
2024-12-04,8,89
2024-12-04,9,107
2024-12-04,10,163
2024-12-04,11,35
2024-12-04,12,89
2024-12-04,13,146
2024-12-04,14,97
2024-12-04,15,55
2024-12-05,1,105
2024-12-05,2,99
2024-12-05,3,94
2024-12-05,4,76
2024-12-05,5,80
2024-12-05,6,122
2024-12-05,7,103
2024-12-05,8,63
2024-12-05,9,61
2024-12-05,10,93
2024-12-05,11,108
2024-12-05,12,152
2024-12-05,13,150
2024-12-05,14,123
2024-12-05,15,122
2024-12-06,1,57
2024-12-06,2,142
2024-12-06,3,78
2024-12-06,4,142
2024-12-06,5,116
2024-12-06,6,144
2024-12-06,7,99
2024-12-06,8,125
2024-12-06,9,84
2024-12-06,10,117
2024-12-06,11,54
2024-12-06,12,80
2024-12-06,13,86
2024-12-06,14,66
2024-12-06,15,80
2024-12-07,1,100
2024-12-07,2,61
2024-12-07,3,125
2024-12-07,4,155
2024-12-07,5,132
2024-12-07,6,80
2024-12-07,7,116
2024-12-07,8,118
2024-12-07,9,53
2024-12-07,10,103
2024-12-07,11,114
2024-12-07,12,91
2024-12-07,13,101
2024-12-07,14,114
2024-12-07,15,110
2024-12-08,1,44
2024-12-08,2,110
2024-12-08,3,110
2024-12-08,4,96
2024-12-08,5,152
2024-12-08,6,130
2024-12-08,7,93
2024-12-08,8,96
2024-12-08,9,82
2024-12-08,10,101
2024-12-08,11,77
2024-12-08,12,81
2024-12-08,13,133
2024-12-08,14,77
2024-12-08,15,74
2024-12-09,1,70
2024-12-09,2,125
2024-12-09,3,119
2024-12-09,4,115
2024-12-09,5,78
2024-12-09,6,160
2024-12-09,7,105
2024-12-09,8,107
2024-12-09,9,120
2024-12-09,10,92
2024-12-09,11,92
2024-12-09,12,114
2024-12-09,13,154
2024-12-09,14,50
2024-12-09,15,151
2024-12-10,1,98
2024-12-10,2,94
2024-12-10,3,96
2024-12-10,4,183
2024-12-10,5,75
2024-12-10,6,106
2024-12-10,7,64
2024-12-10,8,83
2024-12-10,9,85
2024-12-10,10,78
2024-12-10,11,94
2024-12-10,12,157
2024-12-10,13,125
2024-12-10,14,58
2024-12-10,15,65
2024-12-11,1,118
2024-12-11,2,84
2024-12-11,3,159
2024-12-11,4,129
2024-12-11,5,128
2024-12-11,6,115
2024-12-11,7,117
2024-12-11,8,128
2024-12-11,9,62
2024-12-11,10,126
2024-12-11,11,30
2024-12-11,12,73
2024-12-11,13,81
2024-12-11,14,63
2024-12-11,15,94
2024-12-12,1,170
2024-12-12,2,154
2024-12-12,3,133
2024-12-12,4,96
2024-12-12,5,138
2024-12-12,6,91
2024-12-12,7,148
2024-12-12,8,56
2024-12-12,9,87
2024-12-12,10,91
2024-12-12,11,86
2024-12-12,12,92
2024-12-12,13,164
2024-12-12,14,95
2024-12-12,15,62
2024-12-13,1,89
2024-12-13,2,106
2024-12-13,3,131
2024-12-13,4,58
2024-12-13,5,95
2024-12-13,6,112
2024-12-13,7,50
2024-12-13,8,96
2024-12-13,9,68
2024-12-13,10,158
2024-12-13,11,114
2024-12-13,12,41
2024-12-13,13,181
2024-12-13,14,55
2024-12-13,15,85
2024-12-14,1,103
2024-12-14,2,133
2024-12-14,3,72
2024-12-14,4,119
2024-12-14,5,161
2024-12-14,6,80
2024-12-14,7,113
2024-12-14,8,113
2024-12-14,9,80
2024-12-14,10,55
2024-12-14,11,119
2024-12-14,12,132
2024-12-14,13,95
2024-12-14,14,77
2024-12-14,15,134
2024-12-15,1,120
2024-12-15,2,121
2024-12-15,3,96
2024-12-15,4,125
2024-12-15,5,81
2024-12-15,6,145
2024-12-15,7,116
2024-12-15,8,69
2024-12-15,9,42
2024-12-15,10,78
2024-12-15,11,131
2024-12-15,12,119
2024-12-15,13,121
2024-12-15,14,80
2024-12-15,15,96
2024-12-16,1,60
2024-12-16,2,111
2024-12-16,3,81
2024-12-16,4,156
2024-12-16,5,136
2024-12-16,6,88
2024-12-16,7,62
2024-12-16,8,116
2024-12-16,9,47
2024-12-16,10,116
2024-12-16,11,99
2024-12-16,12,123
2024-12-16,13,130
2024-12-16,14,96
2024-12-16,15,116
2024-12-17,1,87
2024-12-17,2,165
2024-12-17,3,149
2024-12-17,4,67
2024-12-17,5,115
2024-12-17,6,124
2024-12-17,7,92
2024-12-17,8,136
2024-12-17,9,76
2024-12-17,10,109
2024-12-17,11,86
2024-12-17,12,70
2024-12-17,13,60
2024-12-17,14,41
2024-12-17,15,113
2024-12-18,1,76
2024-12-18,2,97
2024-12-18,3,83
2024-12-18,4,113
2024-12-18,5,111
2024-12-18,6,127
2024-12-18,7,117
2024-12-18,8,76
2024-12-18,9,34
2024-12-18,10,81
2024-12-18,11,90
2024-12-18,12,122
2024-12-18,13,101
2024-12-18,14,100
2024-12-18,15,100
2024-12-19,1,62
2024-12-19,2,43
2024-12-19,3,99
2024-12-19,4,101
2024-12-19,5,100
2024-12-19,6,161
2024-12-19,7,57
2024-12-19,8,96
2024-12-19,9,65
2024-12-19,10,75
2024-12-19,11,136
2024-12-19,12,74
2024-12-19,13,126
2024-12-19,14,49
2024-12-19,15,93
2024-12-20,1,136
2024-12-20,2,122
2024-12-20,3,111
2024-12-20,4,83
2024-12-20,5,120
2024-12-20,6,132
2024-12-20,7,81
2024-12-20,8,105
2024-12-20,9,134
2024-12-20,10,87
2024-12-20,11,113
2024-12-20,12,45
2024-12-20,13,85
2024-12-20,14,87
2024-12-20,15,88
2024-12-21,1,148
2024-12-21,2,104
2024-12-21,3,75
2024-12-21,4,115
2024-12-21,5,132
2024-12-21,6,125
2024-12-21,7,94
2024-12-21,8,104
2024-12-21,9,67
2024-12-21,10,82
2024-12-21,11,160
2024-12-21,12,50
2024-12-21,13,136
2024-12-21,14,76
2024-12-21,15,87
2024-12-22,1,88
2024-12-22,2,173
2024-12-22,3,56
2024-12-22,4,131
2024-12-22,5,68
2024-12-22,6,85
2024-12-22,7,159
2024-12-22,8,148
2024-12-22,9,74
2024-12-22,10,69
2024-12-22,11,86
2024-12-22,12,123
2024-12-22,13,101
2024-12-22,14,73
2024-12-22,15,89
2024-12-23,1,135
2024-12-23,2,110
2024-12-23,3,84
2024-12-23,4,92
2024-12-23,5,147
2024-12-23,6,208
2024-12-23,7,72
2024-12-23,8,117
2024-12-23,9,130
2024-12-23,10,51
2024-12-23,11,84
2024-12-23,12,72
2024-12-23,13,73
2024-12-23,14,87
2024-12-23,15,99
2024-12-24,1,122
2024-12-24,2,211
2024-12-24,3,84
2024-12-24,4,140
2024-12-24,5,171
2024-12-24,6,62
2024-12-24,7,84
2024-12-24,8,95
2024-12-24,9,47
2024-12-24,10,83
2024-12-24,11,90
2024-12-24,12,145
2024-12-24,13,117
2024-12-24,14,89
2024-12-24,15,51
2024-12-25,1,50
2024-12-25,2,141
2024-12-25,3,149
2024-12-25,4,142
2024-12-25,5,114
2024-12-25,6,184
2024-12-25,7,121
2024-12-25,8,118
2024-12-25,9,107
2024-12-25,10,87
2024-12-25,11,54
2024-12-25,12,83
2024-12-25,13,123
2024-12-25,14,103
2024-12-25,15,59
2024-12-26,1,129
2024-12-26,2,151
2024-12-26,3,88
2024-12-26,4,151
2024-12-26,5,83
2024-12-26,6,109
2024-12-26,7,82
2024-12-26,8,98
2024-12-26,9,78
2024-12-26,10,55
2024-12-26,11,138
2024-12-26,12,88
2024-12-26,13,33
2024-12-26,14,103
2024-12-26,15,67
2024-12-27,1,78
2024-12-27,2,104
2024-12-27,3,122
2024-12-27,4,93
2024-12-27,5,107
2024-12-27,6,116
2024-12-27,7,77
2024-12-27,8,119
2024-12-27,9,27
2024-12-27,10,87
2024-12-27,11,75
2024-12-27,12,114
2024-12-27,13,114
2024-12-27,14,109
2024-12-27,15,106
2024-12-28,1,107
2024-12-28,2,83
2024-12-28,3,123
2024-12-28,4,72
2024-12-28,5,111
2024-12-28,6,159
2024-12-28,7,77
2024-12-28,8,68
2024-12-28,9,121
2024-12-28,10,88
2024-12-28,11,103
2024-12-28,12,103
2024-12-28,13,158
2024-12-28,14,109
2024-12-28,15,120
2024-12-29,1,108
2024-12-29,2,147
2024-12-29,3,96
2024-12-29,4,128
2024-12-29,5,71
2024-12-29,6,130
2024-12-29,7,78
2024-12-29,8,112
2024-12-29,9,99
2024-12-29,10,54
2024-12-29,11,85
2024-12-29,12,81
2024-12-29,13,169
2024-12-29,14,44
2024-12-29,15,67
2024-12-30,1,26
2024-12-30,2,106
2024-12-30,3,122
2024-12-30,4,51
2024-12-30,5,106
2024-12-30,6,168
2024-12-30,7,92
2024-12-30,8,87
2024-12-30,9,72
2024-12-30,10,80
2024-12-30,11,87
2024-12-30,12,102
2024-12-30,13,91
2024-12-30,14,112
2024-12-30,15,87
2024-12-31,1,124
2024-12-31,2,128
2024-12-31,3,180
2024-12-31,4,135
2024-12-31,5,111
2024-12-31,6,121
2024-12-31,7,98
2024-12-31,8,84
2024-12-31,9,76
2024-12-31,10,42
2024-12-31,11,130
2024-12-31,12,161
2024-12-31,13,102
2024-12-31,14,80
2024-12-31,15,64
